customer_id,customer_name,city,state,segment
1,Davidson Ltd,Fieldschester,Rhode Island,Retail
2,Haynes Group,Port Cynthiafurt,Arkansas,Wholesale
3,"Harris, Palmer and Perez",Nicoleville,Idaho,Government
4,"Gardner, Forbes and Walsh",Leeside,Oklahoma,Wholesale
5,"Suarez, Mccoy and Garcia",South Heatherchester,Illinois,Corporate
6,"Duke, Benton and Gonzalez",Jamesberg,Connecticut,Retail
7,Mcconnell LLC,Lake Phyllistown,Virginia,Government
8,Turner and Sons,South Jennifermouth,Georgia,Wholesale
9,"Williams, Cole and Owens",New Katherinestad,Iowa,Retail
10,Sanchez LLC,Leahbury,Utah,Wholesale
11,"Page, Watkins and Franklin",New Nicholasmouth,Kentucky,Wholesale
12,Valdez-Crawford,Benjaminmouth,Utah,Corporate
13,"Miller, Gray and Taylor",Bobbyton,California,Corporate
14,Jackson-Adams,East Kayla,South Carolina,Wholesale
15,Cortez-Campbell,Medinaton,New Jersey,Government
16,"Turner, Clark and Lewis",North Jamestown,Nevada,Corporate
17,Ross-Young,North Seth,Vermont,Corporate
18,Chan-Russell,West Samanthaland,North Dakota,Corporate
19,Mcdonald and Sons,East Courtneyland,Delaware,Corporate
20,"Melendez, Robles and Jennings",Meganburgh,New Mexico,Retail
21,"Stout, Gamble and Castillo",Blakeview,New Mexico,Wholesale
22,Schwartz Ltd,North Carolyn,Texas,Retail
23,Miller-Sosa,West Laurie,Missouri,Retail
24,Santos Group,Joshuaton,New York,Wholesale
25,Reed-Ramirez,Glennburgh,Minnesota,Corporate
26,Drake-Miles,Candaceland,Wisconsin,Government
27,"Ramirez, Campbell and Bates",West Brad,Tennessee,Corporate
28,Alvarez-Barber,Jacobfurt,West Virginia,Corporate
29,Bond Group,Lake Bradley,Washington,Corporate
30,Graham Group,Sharonmouth,Michigan,Corporate
31,Richards and Sons,Bryanside,Wisconsin,Government
32,"Cooper, Mason and Villa",East Mirandaview,West Virginia,Retail
33,Miller PLC,Andersonchester,Mississippi,Government
34,Allen Inc,Christinaville,Oklahoma,Wholesale
35,Ferguson-Chang,New Kellychester,Wyoming,Corporate
36,"Hernandez, Henry and Buchanan",Dodsontown,Alabama,Government
37,Brock-Pham,West Stevenberg,Pennsylvania,Wholesale
38,Cox-Young,East Jennifer,New Mexico,Government
39,Bowman-Galloway,Sarahchester,Utah,Corporate
40,Lopez-Flores,New Makaylamouth,Alabama,Corporate
41,"Torres, Ortiz and Gibson",Sheriton,New Jersey,Wholesale
42,Booth Inc,Alvarezhaven,Pennsylvania,Government
43,Hawkins-Butler,North Patrickhaven,Idaho,Corporate
44,"Gonzalez, Robertson and Morrison",Lake Troytown,Massachusetts,Wholesale
45,Jones-Gonzalez,Adamland,Nevada,Government
46,Brown Inc,Laurafurt,Wyoming,Government
47,Wright Inc,Port April,Massachusetts,Wholesale
48,Thompson and Sons,West Erik,Illinois,Government
49,Taylor LLC,Santiagoview,Kansas,Government
50,Thomas Inc,Patrickland,New Mexico,Corporate
51,White Inc,Valdezland,Wisconsin,Corporate
52,"Roberts, Baker and Arnold",Heathermouth,New Hampshire,Corporate
53,"Glover, Sanchez and Carter",New Heatherfort,Idaho,Wholesale
54,Lawson-Green,Jessicafurt,Tennessee,Retail
55,Davis-Hernandez,Chenburgh,Vermont,Government
56,Greene-Gregory,West Matthewland,Mississippi,Wholesale
57,Gonzales-Joyce,Smithmouth,Arizona,Retail
58,Wolfe and Sons,Carltown,Massachusetts,Retail
59,Reed Ltd,Jeffreytown,Iowa,Wholesale
60,"Flores, Dunlap and Ho",Ronaldberg,Massachusetts,Retail
61,Rodriguez-Hurst,West James,Florida,Corporate
62,Williams-Edwards,East John,Kentucky,Wholesale
63,"Goodman, Garza and Myers",Edwardsmouth,Alabama,Government
64,Bennett-Brown,Paynetown,Michigan,Corporate
65,"Cole, Foster and Mcbride",South Alexabury,Wisconsin,Government
66,Norton-Reynolds,East Vanessamouth,South Dakota,Retail
67,Smith and Sons,Ericaton,Minnesota,Corporate
68,Munoz Inc,Justinview,New Mexico,Government
69,"Thompson, Bryan and Swanson",Powersmouth,Louisiana,Wholesale
70,"Johnson, Bauer and Lee",Lisafort,Rhode Island,Retail
71,"Roberts, Donovan and Morrison",East Donnabury,Tennessee,Government
72,Sanchez-Sanders,Johnsonton,Alabama,Retail
73,Taylor-Miller,Brooksland,Missouri,Government
74,"Ramirez, Watts and Cole",Darlenehaven,Georgia,Wholesale
75,"Johnson, Turner and Wilson",Port Kathrynport,Oregon,Corporate
76,"Gutierrez, Blackwell and Henderson",West Debraland,Nevada,Government
77,Haas and Sons,Riverachester,New York,Retail
78,"Sanchez, Ortega and Aguilar",West Anthonyberg,Ohio,Wholesale
79,"Hardy, Green and Harris",North Sandratown,Maine,Corporate
80,"Baker, Wise and Butler",Richardsport,Wisconsin,Retail
81,Hernandez-Wells,Port Julianmouth,Ohio,Wholesale
82,Martinez-Schaefer,West Matthew,South Dakota,Retail
83,"Barnett, Davidson and Doyle",New Adam,Tennessee,Wholesale
84,"Hernandez, Thornton and Patton",New Franklinport,South Dakota,Corporate
85,"Peterson, Anderson and Gardner",West Kennethview,New York,Corporate
86,Reeves and Sons,East Timothyshire,Louisiana,Retail
87,Ward and Sons,South Ernest,Illinois,Wholesale
88,Little-Mcdonald,Leslieland,Illinois,Government
89,Howard-Bryan,Lake Shane,Idaho,Corporate
90,"Evans, Howell and Hawkins",Leehaven,Florida,Government
91,Smith-Edwards,Burkemouth,Ohio,Government
92,Norris LLC,Lisastad,Kentucky,Retail
93,"Harris, Mcdonald and Martinez",Lake Louismouth,Vermont,Retail
94,"Castro, Powers and Castro",Lucasfort,Minnesota,Retail
95,Reeves-Rodriguez,North Donald,Alaska,Wholesale
96,"Ross, Kelly and Nash",Wileybury,Nebraska,Corporate
97,Leach-Morris,Williamshaven,Utah,Corporate
98,Miller-Frye,Port Jeremy,Rhode Island,Government
99,Cooper Group,Lake Michael,Missouri,Retail
100,Kaufman-Barton,Richardbury,Nebraska,Wholesale
101,"Castaneda, Warner and Anderson",Fernandezmouth,Utah,Corporate
102,Poole-Lopez,Sharonbury,Vermont,Wholesale
103,Wright-King,Lake Michaelhaven,Illinois,Retail
104,Santiago-Allen,North Jacobchester,Hawaii,Retail
105,Jacobs PLC,Estesport,North Dakota,Corporate
106,"Collins, Hartman and Harper",Port Francisco,North Dakota,Government
107,Ramirez PLC,Lake Sheena,West Virginia,Government
108,Booth-Perez,Camerontown,Colorado,Retail
109,Shepherd-Schmidt,Jacquelinebury,Louisiana,Retail
110,Williams LLC,Candicehaven,Hawaii,Government
111,Long-Stone,Lake Josephbury,Michigan,Retail
112,"Brown, Hernandez and Hernandez",New Michellebury,Rhode Island,Corporate
113,Cook-Mathis,Christophertown,Mississippi,Corporate
114,"Rogers, Shelton and Patterson",East Sierra,Nebraska,Wholesale
115,"Johnson, Reynolds and Brown",Barbarastad,Florida,Government
116,Tran Ltd,East Elizabethmouth,Vermont,Retail
117,Oconnor-Thompson,Barajasland,Minnesota,Wholesale
118,Campos-Kim,Taylorview,West Virginia,Corporate
119,Jones-Greene,West Jasmine,Connecticut,Government
120,"Parks, Cooper and Wallace",Lake Ginaport,Hawaii,Corporate
121,Molina-Norris,Lake Nancy,Florida,Retail
122,Holmes Ltd,South Marcus,West Virginia,Wholesale
123,Parsons Group,Richardville,Mississippi,Retail
124,Drake-Rodriguez,Gutierrezburgh,Ohio,Retail
125,"Cooke, Johnson and Jones",West Erika,California,Government
126,Franklin-Gentry,Langhaven,Michigan,Government
127,Rodgers Inc,East Cynthia,Nebraska,Retail
128,Hubbard-Lee,Sullivanburgh,Michigan,Government
129,Smith LLC,Port Shirleyfurt,Maryland,Wholesale
130,Ruiz-Hancock,Lake Dalton,Illinois,Wholesale
131,"Leonard, Dixon and Murphy",North Brianmouth,New Jersey,Retail
132,"Anderson, Hubbard and Marshall",Baileyhaven,Michigan,Wholesale
133,"Chambers, Yang and Conway",Leetown,Illinois,Retail
134,Sparks-Moore,Fosterport,New Hampshire,Wholesale
135,Frank LLC,South Stephen,Oklahoma,Corporate
136,Wilson LLC,South Leslie,Indiana,Retail
137,Smith-Fisher,Baxtermouth,Missouri,Wholesale
138,Lee Ltd,Lake Amandamouth,New Jersey,Corporate
139,Walker-Henderson,Jenniferside,Kansas,Retail
140,"Thompson, Oliver and Koch",New Lisaburgh,Delaware,Wholesale
141,Gardner-Myers,Lake Christown,Iowa,Wholesale
142,"Ortega, Andrews and Graves",Riverahaven,Hawaii,Corporate
143,Ferguson Group,Ryantown,Michigan,Government
144,Young-Green,West Carl,Ohio,Government
145,"Kim, Taylor and Johnson",Port Jenniferfort,North Carolina,Corporate
146,Vargas Group,Brianshire,Michigan,Corporate
147,"Fleming, Brown and Fisher",Port Randyside,Massachusetts,Retail
148,"Martin, Smith and Bailey",Amandamouth,New Mexico,Government
149,Martinez-Young,Parksshire,Florida,Retail
150,"Griffin, Barron and Morgan",West Heatherhaven,New Mexico,Wholesale
151,Jones-Jones,Ariasburgh,New Hampshire,Corporate
152,Hunter and Sons,East Arthur,Oregon,Retail
153,Thompson LLC,Donaldview,Wyoming,Corporate
154,Hanna and Sons,North Michelletown,Montana,Retail
155,Ponce PLC,North Timothy,Louisiana,Wholesale
156,Rosales-Rollins,Port Jim,Minnesota,Wholesale
157,Bentley Ltd,Sancheztown,Washington,Government
158,Hendrix-Young,Youngmouth,Tennessee,Government
159,Reeves-Hall,Port John,South Dakota,Wholesale
160,Horne Inc,New Brittanyborough,New York,Retail
161,"Alvarez, Griffin and Rivera",East Justin,Iowa,Corporate
162,"Francis, Hughes and Love",West Matthewstad,Illinois,Wholesale
163,Jones Group,Greeneland,Maryland,Wholesale
164,Roberts Ltd,West Tyler,Wyoming,Retail
165,"Walker, Soto and Bell",New Kathrynview,California,Wholesale
166,Barber-Hernandez,South Shawnville,Washington,Wholesale
167,Curtis PLC,East Vanessa,Minnesota,Retail
168,"Patton, Bell and Smith",Port Ronaldborough,Arizona,Wholesale
169,"Townsend, Johnson and Jackson",Sharonside,Nevada,Government
170,"Bowman, Riley and Moore",Destinyville,North Dakota,Government
171,Thomas-Leonard,Walkerton,Colorado,Government
172,Whitehead LLC,East Brendabury,Mississippi,Government
173,Benitez Inc,Lake Adammouth,Nebraska,Wholesale
174,Wilson Group,North David,Missouri,Corporate
175,"Johnson, Thomas and Wheeler",New Christopher,Washington,Government
176,"Rodriguez, Martin and Wagner",East Raymond,Wisconsin,Government
177,Contreras Inc,Stephensborough,Maine,Wholesale
178,Bennett-Austin,Larsonchester,Ohio,Wholesale
179,Mathews-Pollard,Mariaton,Maine,Retail
180,"Martinez, Martinez and Davis",Kevinburgh,Nevada,Government
181,Porter PLC,South Johnfort,Wyoming,Retail
182,Savage and Sons,Huntstad,Oregon,Government
183,Young Group,West Daniellechester,Massachusetts,Corporate
184,"Frazier, Carter and Harrison",Lake Robert,Montana,Wholesale
185,Foster Ltd,North Donnaland,Florida,Wholesale
186,Vasquez Inc,South Rodneyshire,Maine,Retail
187,Fuentes and Sons,East Sarah,Nebraska,Retail
188,Newton Ltd,Salaschester,Utah,Wholesale
189,Kirk-Lopez,Jessicamouth,Virginia,Wholesale
190,"Orozco, Gallagher and Walters",Lake Andrew,Michigan,Wholesale
191,Stewart Group,Debratown,North Dakota,Government
192,Rice-Gaines,New Jesseville,Delaware,Government
193,Preston Ltd,Kristenburgh,Tennessee,Corporate
194,Torres LLC,Acostashire,Nebraska,Government
195,"Duarte, Garcia and West",Port John,Kansas,Wholesale
196,Olson Ltd,Josephmouth,Virginia,Government
197,Vincent Inc,Medinaland,Pennsylvania,Retail
198,Phillips-Duncan,Monicaberg,Texas,Wholesale
199,Hart Ltd,Lake Sherry,Oregon,Government
200,Black Group,Baileyport,Michigan,Wholesale
201,Jackson Ltd,Lake Brian,Utah,Retail
202,Hernandez-Norris,Leeborough,Idaho,Retail
203,George-Jones,Willisbury,Georgia,Government
204,"Terry, Hicks and Rogers",Amandaland,Georgia,Wholesale
205,"Graham, Weiss and Mcguire",New Kevin,Florida,Corporate
206,"Wade, Villa and Underwood",South Michael,Arkansas,Retail
207,"Harding, Brooks and May",Port Jacquelinetown,New Hampshire,Corporate
208,Cardenas-Anderson,Port Bryan,North Dakota,Government
209,Landry PLC,South Andrew,Utah,Retail
210,"Dixon, Kennedy and Martin",South Codyview,Georgia,Corporate
211,Ray-Holland,West Jeffreyfort,Utah,Retail
212,Stout-Williams,Weberberg,Idaho,Corporate
213,"Garcia, Coffey and Ramos",New Daniel,Mississippi,Wholesale
214,Smith-Clark,Lynchport,Wisconsin,Wholesale
215,Baker-Duke,Lake Robinfurt,Tennessee,Government
216,"Smith, Floyd and Craig",Lake Felicia,New Jersey,Retail
217,Patel-Cunningham,West Williambury,Minnesota,Corporate
218,Kirby-Russell,Smithfurt,Nebraska,Government
219,"Mcdaniel, Robinson and Ellis",Jonesfort,Arkansas,Wholesale
220,Murray Group,Tyroneberg,Alaska,Wholesale
221,Benton-Richardson,Port Courtney,Minnesota,Government
222,Lynch-Becker,New Adambury,Maryland,Retail
223,Luna-Baird,Shawnashire,West Virginia,Corporate
224,"Pratt, Espinoza and Massey",East Jennifer,Wyoming,Wholesale
225,"Gonzalez, Wright and Bennett",Bensonfurt,New York,Government
226,Turner-Levine,Kennedyview,Texas,Wholesale
227,Lee PLC,South Robert,Hawaii,Wholesale
228,"Perry, Hatfield and Steele",Howardtown,Missouri,Corporate
229,Hawkins-Jackson,Ashleyport,Oklahoma,Retail
230,"George, Baird and Ramos",New Susanborough,North Carolina,Retail
231,"Taylor, James and Ball",Matthewfort,New Hampshire,Corporate
232,Ryan LLC,Rachelmouth,Nevada,Government
233,Spence Inc,Timothyton,Minnesota,Government
234,Jones-Matthews,East Raymondfurt,Indiana,Retail
235,"Martin, Villanueva and White",Rachelland,Ohio,Wholesale
236,"Wells, Clark and Sullivan",Jesseside,Virginia,Wholesale
237,Howard-Carey,East Janet,Nebraska,Government
238,"Walker, Callahan and Rodriguez",South Christinaburgh,Georgia,Corporate
239,Walters-Barry,Madisonfort,Rhode Island,Wholesale
240,Lynch Inc,Lake Josephfurt,Wisconsin,Government
241,Daniels-Myers,Stewartfurt,Utah,Corporate
242,"Gonzales, Lee and Oliver",Lake Lawrenceport,Kansas,Retail
243,Smith LLC,North Terri,South Carolina,Corporate
244,Hayes LLC,Lake Jeffreyview,Washington,Retail
245,Vasquez Inc,Ronaldburgh,Wisconsin,Government
246,"Murray, Lane and Smith",Lake Bobbyside,Nevada,Corporate
247,"Reyes, Weber and Hayes",Richardberg,Mississippi,Government
248,Gray PLC,Douglasmouth,South Dakota,Retail
249,"Robles, Stokes and Sexton",Lake Kimberlyborough,New York,Wholesale
250,Craig-Miller,New Lindashire,New Jersey,Wholesale
251,"Hammond, Perez and Smith",Lake Alexander,Colorado,Retail
252,Houston Group,Angelachester,Florida,Wholesale
253,Khan-Wong,New Beth,Maryland,Wholesale
254,Lucas LLC,Alexanderfurt,Wyoming,Corporate
255,Huffman-Burnett,Johnside,New Jersey,Corporate
256,"Sanchez, Anderson and Butler",North Brookefort,Connecticut,Wholesale
257,Davis and Sons,Kellyfurt,New Mexico,Corporate
258,"Blake, Chan and Smith",Nunezport,New Jersey,Retail
259,"Robinson, Gonzalez and Lowe",New Scotthaven,North Dakota,Corporate
260,Kennedy-Browning,Smithmouth,Hawaii,Corporate
261,"Nguyen, Garcia and Harris",Colemanton,Kansas,Corporate
262,Johnson PLC,Claytonberg,Kentucky,Government
263,Richmond-Fox,Royshire,California,Retail
264,Miller-Webster,Patrickfort,Kansas,Wholesale
265,"Perez, Castillo and Mitchell",Woodfurt,Kansas,Wholesale
266,Lopez-Walker,Jenniferside,California,Government
267,Joseph-Marshall,Sethland,California,Corporate
268,"Jennings, Choi and Garcia",New Ericatown,New York,Retail
269,"Miller, Lee and Sutton",Jamieton,Connecticut,Retail
270,Barker-Zimmerman,Russellmouth,Connecticut,Wholesale
271,"Jennings, Graves and Carter",Angelicachester,Wyoming,Government
272,"Reyes, Peck and Jordan",East Mariaport,Florida,Government
273,Rice-Taylor,Lake Alexander,Oklahoma,Government
274,"Young, Davis and Garcia",New Bobby,Ohio,Government
275,Shelton Group,Jillianchester,Idaho,Retail
276,"Patterson, Tanner and Stone",Lake Colleenfort,Colorado,Corporate
277,Lam-Martin,Claudiafurt,Kentucky,Wholesale
278,"Mckinney, Allison and Harris",South Javierberg,Alabama,Retail
279,Smith-Robertson,Lindaland,Arizona,Government
280,Rodriguez and Sons,Ralphland,Virginia,Government
281,"Decker, Herring and Miller",Amymouth,Virginia,Wholesale
282,Kirk-Ellis,Port Grant,Idaho,Corporate
283,Patel LLC,Cassidyberg,Nevada,Corporate
284,Gill Group,East Stephanie,Montana,Corporate
285,Walker Inc,Xavierhaven,Connecticut,Government
286,Harris and Sons,North Tyler,Idaho,Retail
287,Krueger-Fisher,West Stephanieburgh,Rhode Island,Retail
288,"Soto, Kelly and Henderson",North Steven,Alaska,Corporate
289,Davis-Graham,West Jennifer,New Mexico,Wholesale
290,"Kemp, White and Wilcox",East Brenda,Tennessee,Corporate
291,"Nicholson, Johnson and Valdez",West Deanna,Iowa,Corporate
292,"Lopez, Bryant and Riggs",Greerland,West Virginia,Wholesale
293,"Tran, Lopez and Burgess",Lake Martin,Connecticut,Corporate
294,"Tyler, Rose and George",Morrisonside,Virginia,Wholesale
295,"Robinson, Mitchell and Summers",Port Bradmouth,Wyoming,Wholesale
296,Malone-Butler,New Margaret,Delaware,Retail
297,Davis-Henry,Shellyfort,California,Wholesale
298,Berger-Scott,Jamieport,Georgia,Corporate
299,"Torres, Ward and Stafford",West John,Missouri,Wholesale
300,Brown-White,New Cory,Wyoming,Corporate
301,"Wallace, Harris and Weber",Port Nicolemouth,Kansas,Wholesale
302,Martin and Sons,Elizabethstad,Vermont,Retail
303,"Davis, Blankenship and Ho",Cynthiaton,Nevada,Corporate
304,"Reed, Brown and Lewis",Torresburgh,New Mexico,Corporate
305,"Ayala, Powell and Vasquez",North Paul,Massachusetts,Corporate
306,Miller Ltd,Port Jessica,Texas,Wholesale
307,"Pope, Hunt and Weber",North Jonathanburgh,South Carolina,Retail
308,Manning-Bowen,Alexanderside,North Dakota,Retail
309,Brown PLC,New Christopher,Delaware,Retail
310,Schroeder and Sons,South Leah,New Jersey,Retail
311,Williams LLC,Tinaton,Utah,Wholesale
312,"Greene, Nixon and Ruiz",New Matthew,South Dakota,Corporate
313,"Shaw, Anderson and Atkinson",Timothyhaven,Indiana,Government
314,"Nguyen, Phelps and Logan",Kruegerhaven,Delaware,Retail
315,"Murphy, Ryan and Bradley",South Thomas,Virginia,Government
316,"Blevins, Anderson and Hill",Lorifurt,Michigan,Wholesale
317,Williams-Griffin,North Judith,North Dakota,Wholesale
318,"Edwards, Hester and Williams",South Nicole,Alaska,Government
319,Benitez-Schroeder,North Amanda,Nevada,Corporate
320,Pierce Group,Lake Edward,Illinois,Government
321,"Byrd, Bowman and Mccoy",Sharonchester,North Dakota,Wholesale
322,"Reynolds, Parsons and Carpenter",Carlchester,Indiana,Government
323,"Nicholson, Miller and Young",New Mark,Alabama,Retail
324,Tapia Ltd,East Monique,North Dakota,Retail
325,Mayer-Tyler,West Christophermouth,Alabama,Corporate
326,"Williams, Rosales and Carlson",Jeffreychester,Missouri,Government
327,Ross PLC,Shaneborough,Virginia,Government
328,Jones Inc,North Bryanbury,Vermont,Government
329,Johnson LLC,Burtonfurt,Oklahoma,Government
330,Gonzalez and Sons,Pricefurt,Louisiana,Corporate
331,Thomas Inc,Jimenezfort,Indiana,Wholesale
332,"Skinner, Hubbard and Stevens",South Danielle,Arkansas,Corporate
333,"Davis, Williams and Johnson",Jerrymouth,Idaho,Wholesale
334,Oliver Ltd,West William,Michigan,Wholesale
335,Cox-Lewis,Chavezberg,South Dakota,Wholesale
336,"Santiago, Ramos and Price",New Robert,Idaho,Government
337,Mcclure PLC,New Stacy,Arkansas,Corporate
338,Taylor-Smith,West Marvinland,North Dakota,Wholesale
339,Lopez Ltd,Thomasburgh,Kentucky,Retail
340,Spence Ltd,West Melissa,Alabama,Wholesale
341,"Baker, Sanchez and Brewer",Samanthabury,Indiana,Corporate
342,"Sullivan, White and Quinn",Hernandezland,Minnesota,Government
343,Bishop-Lopez,West Valeriemouth,North Carolina,Retail
344,Harrison Ltd,Millershire,Kansas,Wholesale
345,Hamilton-Sims,Audreyfort,Ohio,Government
346,Peterson-Duran,Smithside,California,Corporate
347,Adams LLC,Sandersborough,Georgia,Corporate
348,"Hudson, Hardy and Hoover",Wheelerborough,West Virginia,Retail
349,"Tran, Jenkins and Perez",Port Sherry,Utah,Retail
350,Anderson-Perez,East Lisa,Florida,Wholesale
351,Knight LLC,Davisfort,Idaho,Government
352,Ortiz-Schneider,Lake Mauriceton,Colorado,Government
353,Smith LLC,Powellbury,Arizona,Corporate
354,Johnson-Murray,South Andrew,Vermont,Corporate
355,"Mckenzie, Turner and Downs",Moralestown,Missouri,Wholesale
356,Craig LLC,Mirandachester,Utah,Wholesale
357,Douglas-Knox,Cummingstown,Arkansas,Corporate
358,"Johnson, Nguyen and Brown",North John,Alaska,Corporate
359,"Moore, Simmons and White",North Robyn,Iowa,Government
360,Mills Group,West John,Arkansas,Government
361,"Galvan, Schwartz and Gray",Pughland,Delaware,Government
362,"Lopez, Hodges and Wallace",North Kevin,Ohio,Wholesale
363,Krause-Rodriguez,New Robertostad,Colorado,Government
364,Baker Group,South Donaldbury,New Jersey,Retail
365,Hopkins Inc,East Kurtville,Arkansas,Retail
366,"Cain, Terry and Moore",North Judytown,New Hampshire,Government
367,"Davis, Bryant and Watkins",Travisfurt,North Carolina,Government
368,Hernandez-George,New Matthewfurt,New York,Corporate
369,Briggs LLC,South Oscarshire,New York,Corporate
370,Gonzalez PLC,Alvarezville,South Dakota,Wholesale
371,Smith PLC,East Jacobland,Iowa,Retail
372,Mann-Solis,Velazquezport,Tennessee,Retail
373,Burnett-Mullen,East Jesus,Mississippi,Wholesale
374,James-Snow,North Laura,Massachusetts,Government
375,Martinez Inc,West Kristimouth,Mississippi,Government
376,"Kline, Saunders and Singh",New Ronnieberg,Maine,Wholesale
377,Brown Group,Port Michael,Ohio,Retail
378,Lopez-Miller,Norrischester,Louisiana,Retail
379,Johnson-Mays,Lake Kathryn,Idaho,Government
380,Ross-Ellison,North Christopherfurt,Minnesota,Corporate
381,"Shields, Kennedy and Benson",Bankston,Idaho,Wholesale
382,Cook-Woods,Hannahmouth,Nebraska,Wholesale
383,Johnson-Shepard,South Alexanderstad,Washington,Government
384,Rasmussen-Macias,Michaelmouth,New York,Wholesale
385,"Lambert, Medina and Mcbride",South Davidland,Oklahoma,Retail
386,Bryant-Mckinney,South Johnhaven,California,Government
387,Combs Ltd,New Nicholas,Kansas,Retail
388,"Berry, Williams and Galvan",Davidland,Nebraska,Corporate
389,Nelson LLC,Michaelburgh,West Virginia,Wholesale
390,"Ellis, Frost and Walters",East Andrew,Nebraska,Wholesale
391,Fuller PLC,Jamesmouth,Maine,Retail
392,Simmons Ltd,Adamland,South Carolina,Government
393,Smith-Cowan,Johnsonstad,Colorado,Government
394,Harrison-Hester,Goodwinchester,Alabama,Wholesale
395,"Gonzalez, Kelly and Gillespie",Sharonfurt,Louisiana,Retail
396,"Rush, Robertson and Aguilar",Danielleberg,New York,Corporate
397,Lopez-Norton,Lake Markfort,Texas,Retail
398,Villarreal-Williams,South Susan,New Mexico,Government
399,"Bush, Carr and Nguyen",East Catherine,Massachusetts,Wholesale
400,Bates and Sons,New Ronald,New Mexico,Wholesale
401,"Torres, Hanson and Pruitt",Lake Katherineshire,Illinois,Wholesale
402,Hampton Ltd,Millerchester,Connecticut,Corporate
403,Zavala Inc,Andersonberg,Montana,Corporate
404,Webster Group,West Carolshire,South Carolina,Government
405,Mora-Fields,South Toddton,Pennsylvania,Retail
406,Riggs-Fisher,Elizabethberg,Alabama,Retail
407,"Johnson, Foster and Martinez",Lake Albert,Tennessee,Retail
408,Villarreal Ltd,Port Chelseaton,New York,Corporate
409,Lopez Inc,West Henrystad,Indiana,Wholesale
410,"Dunlap, Perez and Gonzalez",Brandonberg,California,Government
411,Rose LLC,Romerohaven,Massachusetts,Government
412,"Williams, Bryant and Rodgers",Brownside,Nebraska,Corporate
413,Mora-Hart,North Maryburgh,Louisiana,Corporate
414,Ingram-Nelson,New Seanside,North Dakota,Wholesale
415,Lester Ltd,Kaitlynland,Nevada,Wholesale
416,Martinez PLC,East Mary,Tennessee,Corporate
417,"Williams, Davis and Vazquez",Port Sierraborough,New Hampshire,Government
418,"Mcpherson, Schmidt and Cook",Kleinstad,North Carolina,Wholesale
419,Holt-Johnson,West Daniellemouth,Iowa,Wholesale
420,"Lee, Johnson and Roman",Kingmouth,South Dakota,Government
421,Anderson and Sons,Reedside,Idaho,Wholesale
422,Navarro-Randall,South Jamieview,North Carolina,Government
423,Singh Ltd,Wadefurt,Kentucky,Retail
424,Campbell PLC,Pollardchester,Virginia,Wholesale
425,Brooks-Young,Phillipsburgh,Pennsylvania,Wholesale
426,Rojas-Booth,Port Christopherchester,Illinois,Retail
427,"Williams, Martin and Marshall",Kimmouth,Rhode Island,Government
428,Buchanan Group,North Ericabury,Pennsylvania,Wholesale
429,Taylor-Hayes,West Kathleen,North Carolina,Retail
430,Campbell Inc,East Dawntown,Maine,Government
431,Murphy Inc,Martinezville,Tennessee,Wholesale
432,Moore Group,East Pamelaberg,North Carolina,Corporate
433,Sanders LLC,Port Tammy,Maine,Retail
434,"Ward, Cisneros and Price",Port Beth,California,Government
435,Cole Inc,New Chadburgh,Arizona,Corporate
436,Wilson-Porter,Micheleview,Alabama,Government
437,Lucas-Davidson,Michaelville,North Carolina,Corporate
438,Hooper-Torres,West Kristinton,Florida,Corporate
439,"Morgan, Taylor and Cline",East Benjaminton,New Hampshire,Retail
440,Rodriguez-Chan,Lisamouth,New Jersey,Retail
441,Potter Group,Joyport,Connecticut,Corporate
442,"Martinez, Ingram and Fields",Riveraberg,Ohio,Retail
443,Hawkins Inc,Kleinmouth,Michigan,Government
444,"White, Nelson and Stevens",Richardton,Connecticut,Wholesale
445,Roy-Wright,Joneschester,South Dakota,Government
446,Cooper Group,South Jeanette,Montana,Corporate
447,Cortez Ltd,Lake Carl,Rhode Island,Government
448,Miller-Berry,Randolphshire,Vermont,Corporate
449,Fisher LLC,West Jimmyside,Ohio,Government
450,Lucas-Johnson,West Jimmy,Nebraska,Government
451,Gray and Sons,Jenniferville,Colorado,Retail
452,Reilly Ltd,Brendatown,Vermont,Corporate
453,"Sims, Flores and Lawson",Stevenfort,Rhode Island,Corporate
454,Campbell and Sons,Morganfurt,South Dakota,Wholesale
455,Duncan Ltd,West Brianville,Alabama,Government
456,Peters-Collins,Terrihaven,New York,Government
457,Miller PLC,Simpsonfort,Connecticut,Wholesale
458,Jordan-Phillips,Cassieborough,West Virginia,Corporate
459,Martin-Watson,West Robert,South Carolina,Government
460,Bryant and Sons,Alexanderfort,New Jersey,Wholesale
461,"Francis, Hardy and Conley",Andersonland,Wyoming,Wholesale
462,"Kline, Johnson and Williams",Lopezburgh,Iowa,Wholesale
463,Silva-Francis,East Amandamouth,Maryland,Government
464,Clay-Chambers,Stephanieview,Virginia,Corporate
465,Jensen PLC,Fisherstad,Connecticut,Corporate
466,"Allison, Wilkerson and Hays",West Jennifermouth,Wisconsin,Wholesale
467,"May, Lynn and Burns",Lake Markland,Rhode Island,Wholesale
468,Burns PLC,Williamfort,Connecticut,Corporate
469,Bowers Inc,Lake Paige,Illinois,Wholesale
470,Finley-Stanley,South Megan,Arkansas,Wholesale
471,"Collins, Armstrong and Barker",Port Tiffany,Nevada,Corporate
472,"Price, Gonzalez and Carroll",Williamsfurt,Iowa,Government
473,Flowers Inc,Reeseshire,Missouri,Wholesale
474,Hicks Ltd,Haydenside,Louisiana,Government
475,"Sanders, Kennedy and Tucker",West Michael,Nebraska,Wholesale
476,Hopkins Inc,Lake Jennifer,Michigan,Wholesale
477,Miller Inc,Sandersside,Kentucky,Wholesale
478,Johnston-Hardy,Port Wendy,New York,Retail
479,"Ellis, Oneill and Wilson",Howardton,Massachusetts,Government
480,"Mccoy, Stephens and Wilson",North Garyside,Maryland,Government
481,"Miller, Carter and Johnston",North David,South Dakota,Wholesale
482,"Harding, Acevedo and Russell",Matthewhaven,Delaware,Corporate
483,Everett and Sons,Vincentshire,Oregon,Wholesale
484,Johnson Inc,Sherribury,Indiana,Retail
485,Lara-Roy,South Miguel,New Mexico,Wholesale
486,Ford Group,Port George,Georgia,Retail
487,Barker PLC,Hornebury,Nebraska,Wholesale
488,Baldwin Group,New Nicholas,Louisiana,Government
489,Snow Group,Port Randy,Mississippi,Wholesale
490,Jackson-Jones,Loganfurt,Wisconsin,Government
491,"Johnson, Green and Wilson",Loveland,Massachusetts,Corporate
492,Harris and Sons,South Mark,Nevada,Corporate
493,Diaz-Wilkinson,New Lance,Georgia,Wholesale
494,Larson Ltd,Port Anthonyland,Florida,Wholesale
495,"Scott, Watts and Martin",West William,Georgia,Corporate
496,Lewis-Blair,South Johnstad,Louisiana,Retail
497,Martin-Obrien,North Emilymouth,Missouri,Corporate
498,Nguyen PLC,Huangton,Washington,Corporate
499,Ball-Thomas,Andersonside,Texas,Retail
500,"Farrell, Harris and Molina",East Jeffrey,Minnesota,Corporate
501,"Jones, Oliver and Diaz",Cordovafurt,Hawaii,Corporate
502,Sims-Jordan,West Carolbury,South Carolina,Retail
503,"Davis, Christensen and Cooper",Benjaminborough,Mississippi,Retail
504,Ware PLC,Whitehaven,Ohio,Government
505,Lowery Ltd,Parsonstown,Oklahoma,Wholesale
506,Shaffer Ltd,South Josephborough,New Jersey,Government
507,Washington-Combs,Lake Michele,Alabama,Retail
508,"Hickman, Jimenez and Greene",Paulmouth,Utah,Corporate
509,"Gross, Archer and Williams",Martinezchester,Wyoming,Retail
510,Coleman-Soto,Allenmouth,West Virginia,Corporate
511,"Pittman, Gardner and Fuller",West Austinmouth,California,Government
512,"Turner, Hunt and Sandoval",Sanchezmouth,Oregon,Government
513,Garza-Weber,East Denise,Massachusetts,Government
514,Nelson and Sons,Annfort,Florida,Corporate
515,"Rodriguez, Johnson and Hill",Markville,Arkansas,Wholesale
516,Wade LLC,South Patricktown,New Jersey,Wholesale
517,Jennings LLC,Jonesmouth,Connecticut,Wholesale
518,Mullins-Harris,Lindabury,South Carolina,Retail
519,"Avila, Malone and Dominguez",Roberttown,California,Retail
520,Walker-Cook,South Andreaberg,Wisconsin,Corporate
521,Peterson-Adkins,East Victoriamouth,New York,Retail
522,Morrison-Lee,Farrellmouth,Montana,Corporate
523,Allen Ltd,Jessicaview,Oklahoma,Government
524,Mcmillan-Hamilton,Pollardstad,Indiana,Corporate
525,Clark-Hernandez,South Janetville,Utah,Retail
526,"Payne, King and Johnson",New Natalie,Maryland,Government
527,Johnson-Burns,Gailburgh,Iowa,Government
528,Lester Ltd,South Trevor,Michigan,Corporate
529,Phillips Group,West Emily,Maryland,Wholesale
530,Graham PLC,Martinland,North Dakota,Retail
531,"Cruz, Brown and Dudley",Terryport,Washington,Retail
532,Perkins Ltd,Port Brandon,North Dakota,Wholesale
533,Johnson-Green,Sparksfurt,Florida,Retail
534,Taylor and Sons,Timothyhaven,Vermont,Wholesale
535,"Mcclure, Gray and Tate",New Christopher,Alabama,Wholesale
536,Schwartz-Hayes,South Whitney,Colorado,Government
537,Price-Herrera,New Brandon,South Dakota,Government
538,Aguirre PLC,New Leahville,Georgia,Corporate
539,Ali and Sons,Wilsonberg,Utah,Government
540,Murray Ltd,South Andrewland,South Carolina,Wholesale
541,Rojas LLC,Aliceland,Delaware,Corporate
542,Roberts-Young,Jenniferstad,Alaska,Retail
543,Odonnell Group,East Amymouth,Oregon,Wholesale
544,Mccormick-Hartman,Josephburgh,Hawaii,Corporate
545,Black Group,North Sethtown,Nebraska,Government
546,Cunningham LLC,Lake Melanie,Georgia,Wholesale
547,Warren Inc,North Ronaldside,Michigan,Corporate
548,Porter-Gutierrez,East Crystal,Indiana,Retail
549,Durham-Morrison,Port Brianmouth,New York,Wholesale
550,"Franco, Grant and Huber",Garciaport,New Jersey,Wholesale
551,Cardenas PLC,Owensshire,Nevada,Corporate
552,Lee and Sons,Hollyland,Utah,Corporate
553,Potts PLC,Port Timothy,Alabama,Government
554,"Miller, Cline and Smith",New Mariaberg,North Carolina,Government
555,"Duncan, Frey and James",Zamoraborough,Wyoming,Wholesale
556,Johnson-Melendez,Willistown,Nevada,Retail
557,Scott-Avery,South Scott,Virginia,Government
558,Gonzalez and Sons,New James,Iowa,Retail
559,Stephenson PLC,Huffland,Kansas,Corporate
560,Navarro-Lee,New Pamela,Missouri,Corporate
561,"Chan, Perez and Ford",Alexandriafort,Nevada,Government
562,Singleton-Steele,Johnsonville,Wyoming,Wholesale
563,Walker-Avila,Martinezbury,Massachusetts,Corporate
564,"Murphy, Sanders and Soto",Jillfurt,Michigan,Retail
565,Peterson-Armstrong,Michaelstad,South Carolina,Wholesale
566,"Deleon, Kirby and Mckay",Allenfurt,Alaska,Government
567,Lee-Prince,New Rebecca,Washington,Corporate
568,"Figueroa, Hill and Valdez",North Gabrielleland,Kansas,Government
569,"Ayers, Freeman and Parrish",Forbesborough,Maine,Wholesale
570,Hartman LLC,East Johnton,Maine,Wholesale
571,Lewis Group,Jennifermouth,Massachusetts,Wholesale
572,"Simmons, Sullivan and Cole",Lake Christine,Vermont,Retail
573,Kramer Inc,Tylershire,Florida,Wholesale
574,"Alexander, White and English",Lake Jerry,Arkansas,Wholesale
575,Cummings PLC,Port Maureenview,Texas,Corporate
576,"Mendoza, Mccarthy and Thomas",New Bradleyville,Maine,Retail
577,"Gomez, Mccarthy and Hunter",Port Matthew,Nevada,Retail
578,"David, Wilson and Mitchell",New Brittany,West Virginia,Government
579,Zimmerman LLC,Sheppardberg,West Virginia,Wholesale
580,"Thompson, Perkins and Garza",Fraziershire,Arkansas,Corporate
581,Kelly Group,Port Timothy,New Jersey,Government
582,Leon-Lambert,Kirbymouth,Massachusetts,Wholesale
583,"Simon, Williams and Walker",Krystalchester,Pennsylvania,Retail
584,Cummings-Andrews,New Kristinmouth,Oregon,Wholesale
585,Lopez-Welch,Edwardport,New Hampshire,Wholesale
586,Hernandez and Sons,North Sarah,Illinois,Corporate
587,"Stark, Elliott and Dixon",Port Lisa,South Carolina,Corporate
588,Lewis-Jarvis,Hillside,Ohio,Corporate
589,Schneider and Sons,Knightborough,South Dakota,Government
590,Wood-Miller,South Robertland,New York,Corporate
591,"Davis, Hammond and Knapp",Port Christine,Montana,Government
592,"Smith, Dorsey and Ball",Stephenborough,Minnesota,Wholesale
593,Howard Ltd,West Carolyn,South Dakota,Government
594,"Rivera, Allen and Gonzalez",South Rebeccafurt,Hawaii,Government
595,"Deleon, Jones and Jacobs",West Laurenburgh,Connecticut,Corporate
596,Hall-Castillo,South Waynebury,Arkansas,Corporate
597,"Miller, Wilson and Matthews",East Sharonland,Nevada,Retail
598,"Tucker, Walton and Garza",East Kristinbury,Arkansas,Government
599,James and Sons,Port Belindastad,California,Wholesale
600,Ramirez-Hull,Port Jasonshire,Washington,Retail
601,Clark-Collins,Priceshire,New Mexico,Retail
602,Harris Group,Claudialand,Nebraska,Retail
603,"Leon, Johnston and Palmer",West Dawnfurt,Oregon,Corporate
604,Townsend-Douglas,Gileshaven,Delaware,Corporate
605,Mcclain Inc,Port Amytown,Alabama,Corporate
606,"Miller, Warren and Berger",New Melanie,West Virginia,Wholesale
607,Hernandez PLC,Lake Sherry,Pennsylvania,Government
608,"Roberts, Fox and Taylor",South Christine,Maryland,Retail
609,Thompson Inc,Port Benjamin,Arkansas,Corporate
610,Villa-Johnson,Fitzpatrickhaven,Texas,Government
611,Hahn and Sons,Lake Rhonda,Ohio,Retail
612,"Ryan, Alvarado and Williams",Christophershire,Oregon,Government
613,Taylor Inc,Jacksonport,Maryland,Retail
614,Harris LLC,Harrisonstad,Georgia,Government
615,Johnston-Jenkins,North Ashleyside,Louisiana,Corporate
616,Smith-Hamilton,Danielleside,California,Government
617,Valenzuela-Johnson,Lake Katherinestad,Vermont,Government
618,Rowe and Sons,Wendymouth,Ohio,Retail
619,Williams-Schmitt,Port Ricky,West Virginia,Government
620,Simpson PLC,Lake Taylor,Oklahoma,Wholesale
621,Black-Meyer,East Davidfort,Utah,Retail
622,"Smith, Mcdowell and Harmon",West Rodney,Wyoming,Government
623,"Wood, Green and Strickland",New Carmen,Maine,Wholesale
624,Davis Inc,Santosfurt,Delaware,Retail
625,Williams Inc,Yolandahaven,New Hampshire,Corporate
626,"Mcdonald, Ford and Phillips",East Susan,Indiana,Retail
627,Griffin Ltd,Port Lee,Nevada,Retail
628,Harvey-Higgins,New Katelynbury,South Carolina,Government
629,Trevino Ltd,Stephaniehaven,Missouri,Wholesale
630,Martin Inc,Donaldsonchester,Arkansas,Retail
631,"Griffin, Stevens and Long",Murrayfurt,Utah,Retail
632,"Howe, Cook and Wilson",North Justinville,Delaware,Retail
633,Watson Inc,Madelineview,South Dakota,Government
634,Peterson-Cruz,Erikaburgh,Maine,Retail
635,Soto-Neal,North Andrewview,Vermont,Wholesale
636,"Sweeney, Johnson and Sloan",North Valerie,Florida,Government
637,Lewis-Chavez,New Peterberg,California,Corporate
638,Watson-Lopez,Martinezfort,Idaho,Corporate
639,Hunter-Davis,Millershire,Wisconsin,Government
640,Harris Inc,Lake Bethanyport,Wisconsin,Wholesale
641,Rosales Group,Sheltonland,Minnesota,Government
642,"Williams, Williams and Harmon",Barbarabury,Utah,Government
643,Walker-Green,New Stevenborough,Texas,Government
644,Marsh-Burke,Bellbury,Wisconsin,Government
645,"Williams, Taylor and Mckinney",Christianport,California,Retail
646,Cameron Ltd,Lake Caleb,Oklahoma,Corporate
647,Moore-James,Gatesfort,Florida,Wholesale
648,Diaz and Sons,Obrientown,Delaware,Retail
649,Holmes Inc,Andrewmouth,Virginia,Corporate
650,Mccann-Holloway,Joneshaven,Minnesota,Government
651,"Odonnell, Martinez and Watson",Lake Jameschester,Maine,Corporate
652,Davis-Walker,Simpsonshire,Wyoming,Corporate
653,"Gould, Reyes and Henry",Hughesmouth,South Carolina,Retail
654,"Hunt, Hunter and Pena",Morganfort,Vermont,Retail
655,Richardson-Ellison,Lake Alexis,Hawaii,Wholesale
656,Spence-Rogers,Youngmouth,Indiana,Government
657,"Sandoval, Peters and Robinson",South Olivia,Virginia,Government
658,Kelly PLC,South Joshua,Oregon,Government
659,"Watts, Mcintyre and Gregory",Mooremouth,Tennessee,Corporate
660,Rodgers-Barnes,Port Patrickmouth,New York,Corporate
661,West-Lyons,South Samantha,Oklahoma,Government
662,"Gilmore, Kennedy and Long",Phillipsside,Virginia,Wholesale
663,"Price, Ortega and Johnson",Miaborough,California,Corporate
664,Salazar-Mooney,Williamberg,Alabama,Wholesale
665,"Moore, Santana and Washington",North Kathleenberg,Illinois,Corporate
666,Harris and Sons,New Kirstenmouth,North Dakota,Retail
667,Robinson-Robinson,Port Madelinetown,Idaho,Retail
668,Murray-Hansen,Lake Jimmymouth,Rhode Island,Government
669,Chapman Group,Paulafurt,Florida,Retail
670,"Copeland, Middleton and Taylor",North Matthewberg,Ohio,Corporate
671,"Wilson, Estrada and Jensen",Reidstad,Oregon,Corporate
672,May-Mendoza,Deannastad,Georgia,Retail
673,"Martinez, Hoover and Mclean",Sarahland,Wyoming,Retail
674,Thompson-Hamilton,Fernandoberg,Texas,Retail
675,"Little, Ortega and Moore",West Stephanie,Colorado,Government
676,"Adams, Martin and Hart",South Christophermouth,Oklahoma,Retail
677,Hale-Wilson,South Jesse,Alabama,Corporate
678,"Boyd, Weber and Galvan",Lunatown,California,Retail
679,Martinez-Schroeder,Wilsonshire,Tennessee,Government
680,Rios LLC,West Rhonda,Illinois,Government
681,Thomas-Quinn,Moonberg,Oregon,Corporate
682,Arnold Ltd,West Davidport,Massachusetts,Corporate
683,Romero-Watson,Port Adamland,Kentucky,Retail
684,Schultz-Campos,Ramirezmouth,South Carolina,Corporate
685,Martinez-Cooper,Hamptonshire,Oklahoma,Wholesale
686,Wood Inc,North Eugeneside,Louisiana,Corporate
687,Ramirez Ltd,Hermanshire,Oklahoma,Wholesale
688,"Wallace, Stone and Payne",Daleville,North Carolina,Wholesale
689,Webb-Perez,Christopherburgh,Kentucky,Corporate
690,"Richardson, Foster and Dean",North Nancyhaven,New Mexico,Wholesale
691,Spencer PLC,New Melissashire,Alabama,Corporate
692,Miller-Nelson,Turnertown,New Mexico,Corporate
693,Davis-Wilcox,Brendachester,Florida,Government
694,Pearson-Smith,Sandrafort,Alaska,Wholesale
695,White-Gallegos,Sabrinaport,Virginia,Wholesale
696,Miller-Chambers,North Kerry,Vermont,Retail
697,Smith and Sons,Conleyhaven,Arkansas,Corporate
698,"Welch, Gould and Williams",Lake Travisland,Maine,Government
699,Lee-Knight,South Joyce,Alabama,Government
700,Chambers Group,Andrewmouth,New York,Retail
701,Reeves-Bonilla,Shannonview,Maine,Wholesale
702,Collins Ltd,Lesterton,Florida,Government
703,Miller PLC,Lake Lisa,Massachusetts,Wholesale
704,"Tran, Fisher and Oliver",Port Adam,Louisiana,Government
705,Lee-Zimmerman,Port Michael,Connecticut,Government
706,Flores Ltd,North Stephanie,Montana,Corporate
707,"Castaneda, Martinez and Middleton",East Mike,Oregon,Wholesale
708,"Conrad, Maddox and Lamb",Lake Cynthiabury,Minnesota,Government
709,French and Sons,Snyderberg,Arizona,Corporate
710,Brown-Roman,South Christinatown,Maine,Government
711,Rodgers-Hernandez,Port Monica,Florida,Corporate
712,Lowery Ltd,Garciaton,Washington,Corporate
713,"Logan, Vega and Lee",Whitneyport,Idaho,Wholesale
714,"Calderon, Reed and Simon",Lake Jillville,California,Corporate
715,Robbins Group,Christymouth,Rhode Island,Government
716,Mccarty-Alexander,North Brian,Maryland,Retail
717,"Cooper, Cameron and Rivera",Kendrachester,Illinois,Government
718,"Bridges, Bullock and Brown",Lake Tracishire,New York,Government
719,"Melendez, Torres and Ross",Thomasside,Kentucky,Corporate
720,"Mcbride, Russell and Turner",North Michelle,Michigan,Government
721,Houston-Patel,Campbellstad,Louisiana,Corporate
722,"Cook, Williams and Harper",Lake Steventown,Wisconsin,Wholesale
723,Rios PLC,Coxchester,Delaware,Corporate
724,Clark Inc,Markton,Colorado,Wholesale
725,Moore-Tucker,West William,Utah,Retail
726,Roberts Group,South Keithborough,Hawaii,Government
727,"Bennett, Nguyen and Hayes",Colemanton,Florida,Wholesale
728,Hodge-Gray,East Olivia,South Dakota,Retail
729,"Oliver, Douglas and Meyer",Lake Martha,South Carolina,Corporate
730,Adams Group,Navarrofort,Iowa,Retail
731,Jones PLC,Danielberg,West Virginia,Wholesale
732,Martin and Sons,Roseville,Florida,Government
733,Carter PLC,Destinyland,Wisconsin,Retail
734,Morgan-Orozco,Fordfurt,Texas,Retail
735,Ward Ltd,East Jenniferside,Illinois,Corporate
736,"Perez, Clements and Joseph",Angelaland,California,Corporate
737,"Butler, Thomas and Sutton",Wyattmouth,New York,Government
738,Moore Inc,New Matthewfurt,Kansas,Corporate
739,Fuller-Rodriguez,Amberhaven,Rhode Island,Wholesale
740,Parker Group,West Vanessachester,Mississippi,Wholesale
741,Palmer PLC,Port Kimberlyborough,South Carolina,Retail
742,Anderson Ltd,Underwoodton,Virginia,Corporate
743,"Lewis, Hernandez and Bradley",Port Jonathan,New York,Corporate
744,Robinson Inc,Michaelton,Pennsylvania,Retail
745,Warren-Morris,Joseshire,Alabama,Government
746,Bailey LLC,Stevemouth,New York,Corporate
747,"Johnson, Hanson and Campbell",Jodibury,Arizona,Corporate
748,Bryan-Raymond,Robertborough,Utah,Government
749,"Guzman, Rasmussen and Johnson",East James,Wisconsin,Corporate
750,Wagner-Orozco,South Jenniferland,Oregon,Wholesale
751,Murray-Love,Myersville,North Dakota,Wholesale
752,"Miller, Gross and Harris",Campbellton,Pennsylvania,Government
753,"Rice, Leblanc and Weiss",West Melissaborough,Wisconsin,Government
754,Drake Group,Marksport,North Dakota,Wholesale
755,Adams-Harper,Sherryland,Colorado,Wholesale
756,"Jones, Holmes and Maldonado",New Mark,Missouri,Wholesale
757,"Aguirre, Schwartz and Moss",Holderberg,Utah,Wholesale
758,"Underwood, Price and Martinez",Bryantown,Missouri,Government
759,Smith-Thomas,East Brittanymouth,Nebraska,Government
760,"Baker, Shaffer and Perez",East Ralph,Oregon,Retail
761,Skinner LLC,Danielfurt,Louisiana,Government
762,"Brown, Stanley and Rivera",New Candiceberg,California,Wholesale
763,Morgan Ltd,East Christinamouth,Illinois,Corporate
764,Powers LLC,West Brandon,Virginia,Wholesale
765,"Carr, Kane and Roman",Aguilarmouth,South Dakota,Wholesale
766,Graham Group,Washingtonchester,Washington,Government
767,Solis Group,Lake Tylerton,Massachusetts,Retail
768,"Rodriguez, Brown and Martin",Charlesbury,New York,Corporate
769,Buckley-Alexander,Lake Andrew,Rhode Island,Corporate
770,Johnson Ltd,Sandramouth,California,Retail
771,Watson Ltd,New Wesleyburgh,North Dakota,Wholesale
772,Hunter LLC,North Michael,Nebraska,Government
773,"Medina, Mejia and Reynolds",Thompsonmouth,Virginia,Wholesale
774,Taylor-Hernandez,Jenniferborough,Idaho,Corporate
775,"Cowan, Meyer and Williams",Shirleychester,Arizona,Corporate
776,Adams-Gutierrez,Kirbymouth,New Hampshire,Wholesale
777,Ortega and Sons,East Stephanie,Michigan,Corporate
778,"Valdez, Reeves and Miller",Ballborough,Kansas,Government
779,Thomas Inc,East Timothy,Arkansas,Corporate
780,Lee-Moore,Davidchester,Iowa,Government
781,Finley-Butler,Jamesland,Arizona,Wholesale
782,Higgins-Rodriguez,East Ashleyton,Kansas,Wholesale
783,"Sanchez, Best and Wright",Sawyerhaven,Hawaii,Government
784,"Lucas, Barajas and Blanchard",Lake Robertport,Oklahoma,Government
785,Taylor LLC,Hallville,New Hampshire,Government
786,"Gould, Frank and Wilkins",Parkerchester,South Dakota,Corporate
787,"Burke, Hahn and Frazier",Port Cynthia,North Dakota,Wholesale
788,"May, Nelson and Murray",Williamfurt,Connecticut,Corporate
789,Mckenzie LLC,North Lori,Utah,Corporate
790,Parker and Sons,Jeffreychester,Idaho,Government
791,"Wang, Williams and Dixon",Colemantown,Vermont,Corporate
792,Foster-Logan,West Sherriberg,Colorado,Retail
793,Adams Ltd,North Mitchell,Michigan,Retail
794,Rodriguez-Gonzalez,North Annview,Rhode Island,Retail
795,Powell PLC,Bergerfort,Virginia,Retail
796,"Williams, Robbins and Browning",Port Richardshire,Mississippi,Retail
797,Thomas PLC,Lake Jeremyport,Ohio,Government
798,Stewart LLC,Michaelside,North Carolina,Corporate
799,Jones-Swanson,Port Saraborough,Connecticut,Corporate
800,"Wood, Stephens and Moss",Danielsstad,Montana,Retail
801,"Brandt, Bowen and Andrews",West Robertoport,Maine,Corporate
802,"Barnett, Brown and Thompson",West Rickyfurt,Iowa,Retail
803,"Hansen, Cox and Moreno",Lake Angelaland,North Carolina,Corporate
804,Smith and Sons,North Danastad,Ohio,Government
805,Sparks-Bradley,West Barbarashire,Massachusetts,Wholesale
806,Fox PLC,Vanessamouth,Pennsylvania,Retail
807,Mcguire-Martinez,Mariaside,Washington,Government
808,"Contreras, Cooper and Johnson",Samanthashire,Arkansas,Government
809,"Gray, Moore and Henry",Port Richard,Illinois,Retail
810,Brown and Sons,Jordanland,Indiana,Retail
811,Bailey Ltd,Pattonchester,Massachusetts,Government
812,Shaw-Kim,Tranmouth,Minnesota,Retail
813,Greer PLC,West Kevinfurt,Connecticut,Retail
814,Butler Inc,New Anthony,North Dakota,Wholesale
815,Weiss PLC,Lake Rachel,South Dakota,Wholesale
816,Reese Inc,North Amy,New Jersey,Retail
817,Simon-Williams,Riosmouth,New Mexico,Government
818,Park Inc,North Lisastad,Oregon,Corporate
819,"Patterson, Washington and Mcguire",West Lisaside,Vermont,Retail
820,Davis PLC,East Carolyn,Minnesota,Retail
821,"Baker, Fischer and Everett",Lake Katieberg,New Jersey,Corporate
822,Palmer-Stewart,Lake Jenniferville,Utah,Corporate
823,"Weaver, Smith and Richard",New Connorton,Wyoming,Corporate
824,Rivera Ltd,New Matthewside,Maine,Wholesale
825,Medina-Richardson,Ianland,Utah,Wholesale
826,"Peters, Miller and Bolton",Hillville,Illinois,Wholesale
827,Hunter-Brown,Nicholasborough,Vermont,Government
828,"Miles, Kidd and Johns",North Jessica,Ohio,Retail
829,Johnston-Garcia,North David,Alaska,Wholesale
830,Jones-Chavez,Port Ruthton,Tennessee,Government
831,Johnson Group,North Amymouth,New York,Government
832,Gilmore and Sons,North Thomasland,Utah,Corporate
833,"Armstrong, Phillips and Bradley",West Robertside,Tennessee,Corporate
834,Diaz and Sons,Meyershire,Utah,Wholesale
835,"Smith, Rivas and Bass",Grimeschester,South Carolina,Retail
836,"King, Jones and Hood",New Matthew,Nevada,Retail
837,Jones-Gomez,West James,Maine,Retail
838,Young and Sons,Gonzalesfort,Ohio,Government
839,Lang Ltd,Johnsonshire,Louisiana,Government
840,Nelson-Anderson,Lake Anthonyton,Arkansas,Government
841,Randall LLC,Contrerashaven,Georgia,Government
842,Moore-Maxwell,Tracyville,Connecticut,Retail
843,Vasquez LLC,Amandaview,Idaho,Retail
844,Edwards-Wilson,East Amber,Virginia,Corporate
845,Salazar-Elliott,New Ronald,Connecticut,Retail
846,Jones LLC,Stephenside,Kansas,Government
847,Kline-Whitehead,Port Michael,Connecticut,Government
848,Nelson-Reynolds,Dustinport,North Dakota,Wholesale
849,Compton-Garcia,East Donald,Maryland,Retail
850,Smith-Camacho,West Jenniferview,Alabama,Retail
851,Abbott and Sons,Timothyborough,New Jersey,Corporate
852,"Hubbard, Maldonado and Howe",Michelleburgh,Oregon,Corporate
853,Clark-Ryan,Lake Michaelbury,Maine,Government
854,"George, Hartman and Hays",Davisfurt,New Hampshire,Wholesale
855,Jenkins Inc,West Sarahstad,Ohio,Retail
856,"Randolph, Stevens and Good",Jessicatown,Oregon,Retail
857,Kirk-Stokes,Mckenzieport,New Jersey,Wholesale
858,"Evans, Hogan and Noble",Graybury,Washington,Retail
859,Phillips Group,Cynthiahaven,Indiana,Corporate
860,Vance LLC,Bridgesborough,Tennessee,Wholesale
861,"Jordan, Osborne and Vazquez",Port Jillport,Minnesota,Retail
862,"King, Suarez and Saunders",Brucefurt,Montana,Corporate
863,Hart Group,Baldwinhaven,New Jersey,Corporate
864,Gonzalez-Harris,West Johnstad,Nevada,Government
865,Gates LLC,North Davidton,West Virginia,Retail
866,Willis Ltd,Johnsonborough,Kentucky,Wholesale
867,"Patterson, Anderson and Case",West Wayne,Michigan,Corporate
868,Herring-White,Michaelberg,Utah,Corporate
869,Wallace-Gonzalez,South Cynthia,Delaware,Government
870,Hodges and Sons,Valerieville,North Dakota,Wholesale
871,Freeman-Mendoza,North Samanthaville,Nevada,Government
872,Briggs Group,Smithmouth,Vermont,Corporate
873,Franklin PLC,Theresamouth,Indiana,Retail
874,"Moore, Alvarado and Martinez",Millerland,Ohio,Wholesale
875,"Wilson, Reid and Harrison",South Benjamin,Minnesota,Retail
876,Herrera-Jones,Johnbury,Ohio,Retail
877,"Harris, Cox and Perez",Port William,West Virginia,Government
878,Brown-Long,Port Nichole,Nebraska,Corporate
879,Brown and Sons,Lake Wesley,Alaska,Retail
880,Young-Gutierrez,Bakerhaven,South Dakota,Wholesale
881,"Day, Wells and Pierce",East Kaylaberg,Utah,Government
882,Roberts-Bauer,East Cory,Hawaii,Wholesale
883,Roberts and Sons,Lake Jill,Massachusetts,Retail
884,Hopkins-Martin,Lewismouth,Wisconsin,Wholesale
885,Bell-Mccoy,Obrienview,Minnesota,Government
886,Nunez Ltd,Millerville,Minnesota,Government
887,Gonzalez-Smith,South Sarah,Vermont,Corporate
888,Gray-Baker,West Chloemouth,New York,Wholesale
889,Floyd LLC,Port Kimberly,Colorado,Government
890,"Copeland, Mcgee and Coleman",Deborahland,Utah,Government
891,"Howard, Moody and Ferguson",South Nicole,Alabama,Corporate
892,Jones Inc,New Stefanieland,West Virginia,Government
893,Reynolds Group,Taylormouth,Montana,Retail
894,Diaz Group,Bowenhaven,Maine,Wholesale
895,Maldonado and Sons,North Keith,Michigan,Corporate
896,Reyes-Wilson,South Jorge,Alabama,Retail
897,Morales PLC,Joseport,Tennessee,Retail
898,Murphy LLC,Port Elizabethton,Ohio,Wholesale
899,"Carpenter, Cole and Woods",Nelsonview,Louisiana,Corporate
900,Lane-Shaffer,Lake Garyfurt,Delaware,Government
901,"Whitaker, Rodriguez and Hurley",Kristenmouth,Colorado,Corporate
902,"Martin, Heath and Wood",Lake Crystal,Oklahoma,Government
903,Mckinney Inc,Richardsonmouth,Tennessee,Wholesale
904,Combs Ltd,Morrishaven,Kansas,Wholesale
905,Brown-George,South John,New Jersey,Retail
906,"Davis, Brown and Charles",Martinview,Rhode Island,Retail
907,"Munoz, Pugh and Harris",Port Cynthiamouth,New Hampshire,Retail
908,"Rodriguez, Parks and Mckay",Morrisland,Florida,Wholesale
909,Serrano LLC,Bookershire,Ohio,Government
910,"Ellison, Adams and Mays",Vincentberg,Oregon,Wholesale
911,"Schmidt, Watson and Rogers",Lake Staceyville,Louisiana,Wholesale
912,"Bond, Schmidt and Pierce",Sarahtown,Pennsylvania,Retail
913,Soto-Paul,Buckville,Arizona,Corporate
914,Guzman-Klein,Lake Bethany,California,Retail
915,"Peterson, Burns and Jimenez",Gregoryfurt,Pennsylvania,Corporate
916,Bennett-Edwards,New Johnfort,Arkansas,Government
917,Fernandez Ltd,Nicoleview,Massachusetts,Government
918,Duffy-Cox,Kristinburgh,Virginia,Government
919,Villa-Martinez,Andreachester,Montana,Retail
920,Johnson-Vargas,East Jessica,New York,Retail
921,Lee-Taylor,North Carolyn,Vermont,Retail
922,Thompson-Green,Rhondahaven,Wyoming,Wholesale
923,"Garcia, Moreno and Hodges",Josephshire,Maryland,Retail
924,Vega PLC,Sandovalstad,Nebraska,Wholesale
925,"Petty, Moore and Wright",East Barry,Michigan,Government
926,Spence Inc,New Amanda,Utah,Retail
927,Evans-Ramirez,New Charlesborough,Oklahoma,Wholesale
928,Young-Lambert,Kimberlyville,Delaware,Government
929,Rodriguez-Berry,New Michelle,Colorado,Government
930,"Reyes, Brown and Jordan",North Jonathanborough,Louisiana,Retail
931,Gibson LLC,Calvinchester,Michigan,Corporate
932,Chavez Ltd,Wagnerside,Hawaii,Corporate
933,"Leon, Gardner and Jensen",West Lori,Wyoming,Government
934,Richard Inc,South Isaachaven,West Virginia,Corporate
935,Hale Ltd,Kimmouth,Vermont,Corporate
936,Hernandez-Singleton,Rosschester,Delaware,Wholesale
937,"Henson, Thomas and Ellis",Willisberg,Minnesota,Wholesale
938,Campbell PLC,New Philipport,Massachusetts,Wholesale
939,Harris LLC,Fitzgeraldside,Indiana,Government
940,Taylor LLC,New Maria,Kentucky,Corporate
941,Delgado LLC,Port Robert,Delaware,Retail
942,"Hess, Rush and Hopkins",Port Ericmouth,Minnesota,Corporate
943,Jones Inc,West Margaret,Illinois,Government
944,Anderson LLC,Sanderschester,Illinois,Wholesale
945,"Watkins, Peck and Paul",Port Kimberly,Utah,Government
946,Brooks-Davis,New Erinburgh,Colorado,Wholesale
947,Jones-Morris,South Jamietown,Alabama,Government
948,Harvey-Johnson,Rodgersberg,Mississippi,Retail
949,Clark-Vasquez,Port Bradleybury,Minnesota,Wholesale
950,Rogers Inc,West Taylor,Virginia,Wholesale
951,Maynard PLC,Amandashire,Indiana,Corporate
952,Anderson PLC,Holtbury,Georgia,Government
953,Odom-Martinez,East Christinaburgh,Kansas,Corporate
954,Mills Inc,East Jermaine,Wyoming,Government
955,"Jones, Davila and Vance",North Williammouth,New Mexico,Retail
956,Strong and Sons,Rebeccafort,Wyoming,Corporate
957,"Jones, Hernandez and Osborne",South Vincent,Utah,Wholesale
958,Richardson-Nelson,New Daniel,West Virginia,Retail
959,Moon-Smith,Valenciamouth,Mississippi,Government
960,"Baker, Lopez and Gray",North Jamesmouth,Colorado,Wholesale
961,Kelly LLC,South Shannon,Utah,Government
962,Orr Group,Davidsonmouth,Delaware,Wholesale
963,Hess-Allen,Victoriaside,Idaho,Government
964,Parsons LLC,Lake Rachelmouth,Alaska,Wholesale
965,Wilson Group,South Brian,Indiana,Government
966,Gilmore-Patterson,North Matthewfort,North Dakota,Corporate
967,"Proctor, Howard and Torres",New Nathaniel,Arizona,Wholesale
968,Hess and Sons,East Thomasburgh,Georgia,Wholesale
969,"Ramirez, Cook and Smith",North Richardberg,Kentucky,Corporate
970,"Love, Boyle and Gonzalez",Vincentville,Tennessee,Government
971,"Hernandez, Mcbride and Pratt",Melissastad,New York,Wholesale
972,Johnson-Scott,Dylanton,Oregon,Corporate
973,Garcia and Sons,North Michael,Iowa,Government
974,"Lopez, Banks and Wilson",West Mike,Rhode Island,Wholesale
975,Garcia Group,Lake Sherri,Georgia,Wholesale
976,Meyers-Cooper,Garychester,Arkansas,Government
977,Massey and Sons,Brettborough,Kansas,Corporate
978,"Pham, Zimmerman and Peterson",New Anna,Georgia,Wholesale
979,Clay and Sons,Lewisberg,South Dakota,Government
980,Meyers-Woods,New Jenniferborough,New Jersey,Wholesale
981,Walker-Hale,Brittanyborough,Louisiana,Government
982,Hatfield-Diaz,Port Scottmouth,Florida,Wholesale
983,Barber-Barber,Briantown,South Carolina,Retail
984,Mitchell-Cook,Michaelshire,Connecticut,Corporate
985,Lee LLC,North Jennifer,Kansas,Corporate
986,"Miller, Walters and Rivera",Justinmouth,Washington,Retail
987,Bush Group,North Amandaport,Georgia,Government
988,Riggs Ltd,North Brian,Florida,Corporate
989,Bryant-Stevens,Webbmouth,Mississippi,Government
990,Shaw-Beck,Emilyfurt,Virginia,Wholesale
991,"Terry, Hardy and Rivera",New Robertfort,Pennsylvania,Retail
992,Hall PLC,East Amanda,Wyoming,Government
993,Cruz-Nguyen,Harringtonbury,Missouri,Government
994,"Wade, Sherman and Vega",Vazquezview,North Carolina,Corporate
995,Suarez-Reyes,Colemanville,Utah,Wholesale
996,Bryan-Yates,West Kyle,Alaska,Corporate
997,"Miller, Sanchez and Hardy",Grantport,Texas,Wholesale
998,Becker Group,Lake Robert,Texas,Corporate
999,"Wiley, Walter and Edwards",Vegamouth,Tennessee,Government
1000,Moore-Robinson,Singhton,Arizona,Government
1001,Pierce Inc,Katherineport,South Dakota,Retail
1002,Sanchez Ltd,Port Jamesport,Pennsylvania,Government
1003,Mills-Wood,Williamsshire,Arizona,Government
1004,Hodges-Rivera,East Joshuaberg,Nevada,Government
1005,Barron PLC,Rebeccaberg,Alabama,Government
1006,"Juarez, Jones and Rosales",Jameschester,Massachusetts,Retail
1007,"Phelps, Hart and Irwin",Russobury,Tennessee,Wholesale
1008,"Arroyo, James and Brown",Bridgetside,Oklahoma,Retail
1009,Adams Ltd,North Lisa,Kentucky,Retail
1010,Johnson-Harper,West Brian,Minnesota,Corporate
1011,Wiggins-Strickland,Rachelburgh,Iowa,Wholesale
1012,Ross LLC,New Loriport,Minnesota,Corporate
1013,Carlson PLC,South Denisehaven,Texas,Retail
1014,Bowen and Sons,Robinsonmouth,New Jersey,Government
1015,Welch-Chapman,Kyleburgh,Idaho,Wholesale
1016,Rodriguez-Davis,Lisaton,Montana,Government
1017,"Anderson, Carter and Cochran",North Elizabethfurt,Michigan,Retail
1018,Wood-Leonard,Lake Paul,Nevada,Retail
1019,"Doyle, Welch and Adams",South Nicolechester,Arizona,Retail
1020,Rios-Morrow,Moranfort,Washington,Wholesale
1021,Castillo-Paul,Port Tyler,Massachusetts,Corporate
1022,"Jones, Rodriguez and Dunn",Port Loriland,Colorado,Corporate
1023,Moore-Walter,Lake Jennifermouth,Idaho,Government
1024,Stevens Group,Lake Shane,Wisconsin,Wholesale
1025,Mcgee LLC,New Heathershire,Iowa,Government
1026,George-Williams,North Brookefort,South Dakota,Government
1027,"Klein, Wilson and Barnes",Holderstad,Alaska,Corporate
1028,Underwood PLC,Ianburgh,New Hampshire,Wholesale
1029,Mason-Reid,East Jessicaborough,Georgia,Retail
1030,Daniels-Welch,New Michelle,Colorado,Government
1031,"Avila, Reed and Stanley",Charlesstad,Mississippi,Retail
1032,Turner-Shaw,Littlehaven,Michigan,Wholesale
1033,Cook PLC,South Andrea,Maryland,Government
1034,Davis-Washington,Fordbury,Tennessee,Retail
1035,Sharp-Campbell,Riverafurt,Massachusetts,Retail
1036,Price Ltd,New Nathaniel,Pennsylvania,Corporate
1037,"Tucker, Martinez and Wood",North Jeremy,Ohio,Wholesale
1038,"Smith, Hughes and Miller",New Benjamin,Alaska,Wholesale
1039,Bailey-Neal,Lake Veronica,Texas,Wholesale
1040,Vazquez Inc,West Raymondbury,Iowa,Government
1041,Michael-Buchanan,North Michael,Tennessee,Corporate
1042,Bishop-Baker,West Alicia,Nevada,Government
1043,"Dean, Wood and Perez",Amandatown,Indiana,Wholesale
1044,"Kennedy, Ingram and Villanueva",Christyside,Alaska,Government
1045,Fletcher and Sons,Yangview,Wyoming,Retail
1046,"Obrien, Valencia and Lowe",North Natashachester,Alaska,Government
1047,"Davidson, King and Taylor",East Julieburgh,Texas,Government
1048,Blankenship-Henderson,Blakestad,Florida,Wholesale
1049,Murray-James,Lake Kimberly,New York,Retail
1050,Ray LLC,Andersonport,Virginia,Wholesale
1051,Mills-Wilkins,Cookborough,Ohio,Retail
1052,"Ferrell, Howe and Reyes",Townsendchester,Delaware,Retail
1053,Jordan PLC,Davisfurt,Oregon,Retail
1054,Sullivan-Brown,Jacobmouth,Alaska,Wholesale
1055,Harris Ltd,North Duaneburgh,Vermont,Retail
1056,Valencia Group,North Karen,Arizona,Corporate
1057,"Williams, Fitzgerald and Baker",Port Andrew,California,Corporate
1058,Lopez and Sons,Lake Carolyn,Wisconsin,Corporate
1059,Green Inc,Aprilville,Nebraska,Corporate
1060,Lawrence Ltd,Wilkersonland,Vermont,Wholesale
1061,Ramirez-Turner,East Melaniehaven,Nebraska,Government
1062,Horn-Hawkins,Carlabury,Delaware,Government
1063,Braun-Parsons,Laurenburgh,Pennsylvania,Corporate
1064,Mitchell Ltd,Jennaburgh,Ohio,Government
1065,"Solis, Hammond and Chan",Coleview,Rhode Island,Corporate
1066,Nguyen-Burton,East Jadeshire,Wyoming,Corporate
1067,Flynn Ltd,South Marc,Alaska,Government
1068,Walter-Moran,South Seanview,Idaho,Government
1069,Rivera-Moore,Port Brandonshire,Maine,Retail
1070,Rojas-Avila,North Ruben,Kentucky,Corporate
1071,"Evans, Davis and Little",Danielchester,New Hampshire,Government
1072,"Henderson, Johnson and Johnson",West Rebeccaton,South Dakota,Government
1073,"Case, Wilson and Black",Lake Andrew,Tennessee,Government
1074,"Brewer, Owens and Adams",Priceshire,Ohio,Retail
1075,Ellis Ltd,Priceview,South Carolina,Corporate
1076,"Haley, Logan and Allison",Bowenfurt,Missouri,Corporate
1077,Rodriguez LLC,Rodriguezchester,Alaska,Wholesale
1078,Martin LLC,Tanyahaven,Iowa,Retail
1079,Oconnor-Deleon,Lake Jessicafort,Idaho,Retail
1080,"Vance, Blake and Orozco",Perkinsland,Iowa,Corporate
1081,"Flores, Christensen and Hughes",Jamesborough,Maryland,Wholesale
1082,"Bender, Cooper and Johnson",New Joanne,Maine,Wholesale
1083,Griffith-Cordova,Williamston,North Carolina,Corporate
1084,Glover Inc,New Evanborough,Illinois,Government
1085,"Brown, Rodriguez and Hampton",Jonesshire,Utah,Retail
1086,Kelley-Guzman,North Kyle,Montana,Wholesale
1087,Harris-Murray,Youngborough,Alaska,Government
1088,Walls-Cole,West Deborah,Michigan,Wholesale
1089,"Davis, Mccoy and Alvarez",Lake Patricia,Delaware,Government
1090,"Smith, Ross and Heath",Port Jamieshire,Pennsylvania,Government
1091,Ramos-Chambers,Danielshire,Indiana,Retail
1092,Randall LLC,West Kathleenchester,Hawaii,Wholesale
1093,Barnett and Sons,West Lisaside,Michigan,Wholesale
1094,Scott Ltd,Erikfort,Oregon,Government
1095,"Kim, Walker and Pacheco",West Kathleen,Texas,Corporate
1096,Morris PLC,Watsontown,Hawaii,Wholesale
1097,"Mendez, Woods and Taylor",Lake Deniseview,Kentucky,Retail
1098,Scott LLC,Briggsshire,Utah,Corporate
1099,Banks-Barrett,Andersonton,Florida,Wholesale
1100,Lyons-Glover,Linport,Mississippi,Retail
1101,"Carter, Taylor and Phillips",West Raymondside,Montana,Corporate
1102,Walker LLC,Leeside,Maryland,Wholesale
1103,"Contreras, Thompson and Wheeler",New William,Ohio,Retail
1104,Stevenson and Sons,Mendozaburgh,Colorado,Corporate
1105,Little-Ponce,Jameshaven,Tennessee,Wholesale
1106,"Velez, Adams and Hooper",Darleneburgh,Ohio,Corporate
1107,Lyons-Williams,Deannamouth,North Dakota,Government
1108,Graves Inc,Roweport,Alabama,Government
1109,"Velez, Rose and Wang",South Jasonfurt,Wisconsin,Corporate
1110,"Schneider, Kaufman and Martin",New Gloriatown,Minnesota,Government
1111,Choi PLC,New Stephanie,Texas,Government
1112,Mcdaniel-Drake,East John,Vermont,Corporate
1113,Mosley-Howard,Vickistad,Iowa,Government
1114,"Pratt, Phelps and Atkinson",East Keithstad,New Hampshire,Corporate
1115,Miller-Jones,New Jesseland,West Virginia,Corporate
1116,Munoz LLC,North Russellside,North Carolina,Government
1117,Warren-Oliver,West Jamesview,New Jersey,Wholesale
1118,Harris-Hayden,Jamesfort,Georgia,Corporate
1119,Owens LLC,Lake Melissamouth,Texas,Corporate
1120,Buckley and Sons,West Daniel,New Jersey,Wholesale
1121,Howard Ltd,Brandonland,New Mexico,Government
1122,"Rocha, Olson and Lee",Briannastad,Kentucky,Retail
1123,Brown PLC,Andreahaven,North Dakota,Wholesale
1124,"Allen, Dillon and Gaines",New Karentown,Illinois,Retail
1125,Garcia Group,Lake Samanthachester,Florida,Government
1126,"Li, Cruz and Carroll",New Wendy,Rhode Island,Corporate
1127,Evans-Price,New Michellehaven,Utah,Corporate
1128,"Rogers, Moore and Foster",Richburgh,New Hampshire,Government
1129,"Glover, Griffin and Moore",Barrport,Maryland,Government
1130,"Cameron, Collier and Humphrey",Blakeside,Rhode Island,Government
1131,"Turner, Fisher and Jordan",New Sara,Illinois,Government
1132,Brooks PLC,East Sara,North Carolina,Government
1133,"Medina, Cooper and Bryant",East Geoffreymouth,Delaware,Government
1134,Russo and Sons,New Dakota,Louisiana,Government
1135,"Armstrong, Coffey and Gibbs",Anthonyborough,Arizona,Corporate
1136,Fox Group,Davisport,Wisconsin,Retail
1137,Whitehead PLC,West Scott,Nebraska,Retail
1138,"Cortez, Kramer and Mann",Gonzalezport,Mississippi,Corporate
1139,Powers-Hoffman,East Thomas,North Dakota,Wholesale
1140,Sheppard-Elliott,Frederickburgh,Iowa,Retail
1141,"Wilkinson, Morales and Bryant",Rodriguezfurt,New Hampshire,Wholesale
1142,Hale Group,Lake Alex,Florida,Corporate
1143,Stanton Ltd,West Melissafort,Mississippi,Wholesale
1144,Barber Group,East Brittney,Alaska,Corporate
1145,White-Chang,Lake Peter,Louisiana,Government
1146,Hall Ltd,Johnsonbury,Utah,Government
1147,Edwards-Goodman,Port Josephland,Hawaii,Retail
1148,Lewis-Porter,Ramoshaven,Massachusetts,Retail
1149,Garcia LLC,Holderborough,Pennsylvania,Wholesale
1150,Smith-Torres,Torresbury,Virginia,Wholesale
1151,"Patton, Evans and Smith",North Kyle,Kentucky,Retail
1152,"Smith, Todd and Medina",Lake Carl,Hawaii,Government
1153,Padilla-Ware,East Mary,Virginia,Corporate
1154,"Roman, Ramos and Hobbs",Port Loriport,Illinois,Government
1155,Atkins-Smith,Smithmouth,Montana,Retail
1156,"Powers, King and Marquez",Charlotteburgh,Mississippi,Corporate
1157,Jackson-Smith,Lake Charlestown,Utah,Wholesale
1158,Smith-Atkins,New Patrick,South Carolina,Retail
1159,Valencia-Porter,Melissabury,Louisiana,Government
1160,"Wise, Ramos and Park",Janiceton,Tennessee,Wholesale
1161,Browning-West,Lake Wayne,Ohio,Wholesale
1162,"Cole, Stone and Gutierrez",Kleinhaven,Texas,Retail
1163,Clark Ltd,Brownport,Ohio,Government
1164,Myers PLC,Grossview,North Dakota,Retail
1165,Bryant PLC,Moralesside,Ohio,Corporate
1166,Tucker-Kent,Lake Kellychester,California,Corporate
1167,Harrison PLC,Williamsfurt,Missouri,Wholesale
1168,"Reese, Lozano and Jordan",Lake Stephanie,Alaska,Government
1169,Chase-Mcdonald,Mariashire,Massachusetts,Corporate
1170,"Glass, Burnett and Gonzalez",New Laurenville,Maryland,Corporate
1171,"Chaney, Young and Baker",Veronicabury,New York,Corporate
1172,"Baker, Perry and Bernard",East Sandra,Wyoming,Corporate
1173,Robinson-Long,South Jeffrey,Indiana,Retail
1174,Freeman-Johnson,Scottberg,Texas,Wholesale
1175,Rowe Group,Perrymouth,Idaho,Wholesale
1176,Andrews-Goodman,Mccartyhaven,Nebraska,Corporate
1177,"Garcia, Cohen and Castro",Ortizside,North Carolina,Wholesale
1178,"Tucker, Mendez and Barnett",Port Rachel,Alabama,Wholesale
1179,Perez Group,East Toddchester,New Mexico,Wholesale
1180,Wright Inc,South Willie,Kansas,Wholesale
1181,Ponce Ltd,Gallegoschester,North Carolina,Retail
1182,"Dudley, Mueller and Green",Port David,Texas,Corporate
1183,Roberts PLC,Contrerastown,Colorado,Government
1184,Haney Inc,South Kathleen,New Hampshire,Retail
1185,Cooper-Howard,East Brian,Vermont,Wholesale
1186,Lewis Group,West Amandamouth,Arkansas,Corporate
1187,Wood-Miller,Browningville,Tennessee,Corporate
1188,Schneider-Peterson,South Elizabeth,Montana,Corporate
1189,Barrett Group,Rachelborough,Louisiana,Corporate
1190,"Williams, Finley and Lyons",Gonzalezside,Washington,Wholesale
1191,Faulkner and Sons,Brandyborough,North Carolina,Corporate
1192,"Johnson, Herrera and Ramos",North Patricia,Georgia,Government
1193,Wood-Buck,Lake Chelseaville,North Carolina,Government
1194,Freeman-Johnson,Port Melissa,Wisconsin,Corporate
1195,Chung-Ali,West Kevinview,Connecticut,Wholesale
1196,Smith-Hanna,New Eric,Maryland,Government
1197,Harper-Petty,Port Lorettastad,Montana,Government
1198,Bullock-Dean,Laurenmouth,Iowa,Government
1199,Weber-Andrews,Lake Isaac,Rhode Island,Retail
1200,Henderson Inc,Davisberg,Connecticut,Retail
1201,Walker-Smith,Annshire,North Carolina,Government
1202,Thomas Group,Ashleyton,New Mexico,Wholesale
1203,Schultz Inc,South Mikemouth,Pennsylvania,Wholesale
1204,Duarte Inc,East Marymouth,Ohio,Government
1205,Brewer PLC,Port Tabitha,New York,Government
1206,"Hanna, Roth and Murray",New Matthewland,Idaho,Wholesale
1207,"Hernandez, Marks and Oliver",East Lisa,Alabama,Retail
1208,"Lam, Patton and Johnston",Jenniferton,Missouri,Retail
1209,Wright and Sons,Salasfort,North Dakota,Government
1210,"Bailey, Sandoval and Taylor",Port Joeview,Connecticut,Wholesale
1211,Walsh-Ayala,Carpenterborough,Alaska,Retail
1212,Rivera and Sons,West Sandra,Arkansas,Government
1213,"Boyd, Navarro and Miller",West Diane,Washington,Corporate
1214,"Krueger, Harrison and Jackson",Joshuaborough,Nevada,Government
1215,Crawford-Walters,Mcgeeborough,Vermont,Corporate
1216,"Martin, Monroe and Hill",New Saraland,Alabama,Government
1217,Park-Reed,Longmouth,Arkansas,Wholesale
1218,Combs-Zimmerman,Whiteborough,Missouri,Wholesale
1219,Klein Inc,South Robert,Georgia,Wholesale
1220,Gray-King,Wardport,Louisiana,Wholesale
1221,"Vaughan, Baker and Jacobson",Sarahburgh,Massachusetts,Corporate
1222,Brown-Farrell,Michaelburgh,Rhode Island,Government
1223,Clark-Wilson,South Christina,South Carolina,Wholesale
1224,Smith Ltd,South Marcus,Florida,Retail
1225,Gordon Inc,Kellyborough,Texas,Retail
1226,Bradford Ltd,North Destinybury,Maine,Retail
1227,Snyder-Osborne,Jonathanfurt,Rhode Island,Government
1228,Stein Inc,Fullerfurt,Florida,Retail
1229,"Wilson, Ferguson and Cummings",East Shaun,South Dakota,Retail
1230,Smith-Wilson,West Carolyn,Rhode Island,Corporate
1231,Hill PLC,North Danielborough,Missouri,Government
1232,"Romero, Carter and Jackson",South Stephentown,Pennsylvania,Government
1233,Wade Ltd,Wagnermouth,Mississippi,Retail
1234,Paul-Hoffman,Lake Beverlybury,Indiana,Government
1235,Bautista Inc,Martinton,Wisconsin,Corporate
1236,Henry LLC,East Amy,New York,Corporate
1237,Garrett-Blair,Sotoborough,Pennsylvania,Wholesale
1238,Schmidt-Figueroa,Greenland,Kansas,Corporate
1239,Hernandez PLC,Maryville,Massachusetts,Wholesale
1240,"Young, Singleton and Bennett",Warnerview,Missouri,Retail
1241,"Thompson, Bryant and Cline",Colleenmouth,New Mexico,Wholesale
1242,"Short, Gamble and Kerr",Ashleyshire,Maryland,Wholesale
1243,Mathews-Lester,New Kaylee,Virginia,Retail
1244,Haynes-Stuart,Haynesburgh,Florida,Wholesale
1245,"Hunter, Martin and Clayton",New Samantha,Texas,Corporate
1246,Carlson-Williams,Lake Kim,Arkansas,Retail
1247,"Bowman, Hall and Carroll",Wallstad,South Carolina,Government
1248,"Schultz, Cochran and Johnson",North Frankfurt,Nevada,Wholesale
1249,Hill PLC,Jenkinsfort,Wyoming,Corporate
1250,"Ramos, Jones and Adkins",Loritown,Alabama,Government
1251,"Valdez, Conley and Miller",Lake Meganmouth,Ohio,Retail
1252,Wells-Diaz,Pamelaborough,Oregon,Retail
1253,Johnson-Stevenson,South John,Mississippi,Retail
1254,Richard Ltd,North Aaronland,West Virginia,Corporate
1255,Stein LLC,North Michelleberg,Illinois,Government
1256,Padilla and Sons,Port Michael,Arkansas,Retail
1257,Washington-Graves,Samuelshire,Louisiana,Corporate
1258,Tate Ltd,South Teresastad,West Virginia,Corporate
1259,"Evans, Nguyen and Thomas",Larryville,Ohio,Government
1260,Graham-Smith,East Josephport,North Dakota,Retail
1261,Lynch-Bullock,East Scottborough,Vermont,Retail
1262,Salinas-Burns,Port Alexandrialand,Maine,Wholesale
1263,Mckinney Inc,New Jason,Iowa,Retail
1264,"Kennedy, Fields and Rosales",Annaport,Vermont,Government
1265,"Dean, Wilson and Montes",Lake Timothy,Arkansas,Corporate
1266,Martinez-Silva,Roseborough,Texas,Government
1267,Moreno-Thompson,New Chadberg,Oklahoma,Retail
1268,Carey-David,West Seanbury,Utah,Corporate
1269,"Mooney, Griffin and Lawrence",Lake Nathan,South Dakota,Government
1270,"Mitchell, Hanson and Mann",Jasonville,Connecticut,Retail
1271,"Powers, Watson and Ford",Lake William,Massachusetts,Retail
1272,Welch Inc,Cherylfort,New Hampshire,Retail
1273,Mahoney-Rodriguez,Lopezberg,New Jersey,Wholesale
1274,Nelson LLC,Warrenton,Michigan,Wholesale
1275,Miller Inc,Gonzalezmouth,South Dakota,Wholesale
1276,"Garner, Reyes and Gilbert",Pettychester,Iowa,Corporate
1277,Shaffer Ltd,Gregoryfurt,Michigan,Government
1278,"Bell, Nguyen and Manning",West Andrew,West Virginia,Corporate
1279,Marks-James,North Spencer,New Hampshire,Corporate
1280,Reyes Group,Annmouth,North Carolina,Retail
1281,"Torres, Small and Allen",Garciashire,Michigan,Retail
1282,Soto Ltd,Clairetown,Indiana,Corporate
1283,Strickland PLC,Rachelmouth,South Dakota,Government
1284,"Richmond, Anderson and Hampton",Davistown,Arizona,Wholesale
1285,Jones-Williams,Nicholsonbury,Minnesota,Corporate
1286,Rodriguez-Stout,Briannafurt,Louisiana,Corporate
1287,Howell-Bell,East Ryan,Louisiana,Government
1288,White Group,Millerside,South Carolina,Government
1289,Williams Group,South Elizabethburgh,Delaware,Corporate
1290,Miller-Coffey,Port Anthony,Wyoming,Retail
1291,"Holden, Anderson and Sanders",East Richard,Missouri,Retail
1292,Glover and Sons,Port Xaviermouth,Rhode Island,Corporate
1293,Johnston-White,Kellyshire,Virginia,Retail
1294,Saunders Ltd,Josephfort,Nebraska,Government
1295,Lee-Tran,New Lisa,New York,Wholesale
1296,Hanson-Mclean,North Allison,West Virginia,Government
1297,Robertson PLC,North Teresa,Illinois,Wholesale
1298,Mann-Lopez,South Maurice,Iowa,Corporate
1299,"Anderson, Wilkerson and Brown",West Erin,Maryland,Corporate
1300,Bennett Ltd,Samanthachester,Rhode Island,Wholesale
1301,"Saunders, Alvarez and Diaz",Lake Teresachester,Arkansas,Retail
1302,"Herman, Patton and Tyler",Port Melissa,Montana,Corporate
1303,Wade-Mitchell,North Alisonfort,North Dakota,Wholesale
1304,"Ramirez, Craig and May",New Meghanfort,California,Retail
1305,Jackson-Woodard,Richardhaven,New Jersey,Wholesale
1306,Oconnell-Alvarez,Jonesfurt,Alaska,Corporate
1307,Moore-Watts,Mejiaberg,New Hampshire,Corporate
1308,Simon-Phillips,Port Kyle,Connecticut,Government
1309,Cummings-Martinez,Tonyaburgh,Hawaii,Wholesale
1310,Watson LLC,Turnerberg,North Dakota,Retail
1311,Mcclain-West,Lake Tina,New Hampshire,Corporate
1312,Gutierrez Inc,Williamville,Connecticut,Government
1313,Velez Ltd,Gainesview,Delaware,Government
1314,"Rogers, Smith and Contreras",Burtonport,Texas,Retail
1315,Patel-Marsh,Phillipsshire,California,Corporate
1316,Griffin Ltd,North Hannah,Michigan,Government
1317,"Bryant, Smith and Holt",Port Micheleshire,Washington,Retail
1318,Sparks-Foster,East Tarastad,Louisiana,Retail
1319,"Washington, Williams and Stafford",South Timothyton,Washington,Wholesale
1320,"Washington, Johnson and Anderson",Lake Melissa,Oregon,Wholesale
1321,Mclean LLC,East Dawn,North Carolina,Corporate
1322,"Boyd, Arroyo and French",Lake Joshuachester,Delaware,Government
1323,Peters-Strickland,Hotown,Maine,Government
1324,Crawford-Hatfield,Port Jeremy,Vermont,Wholesale
1325,Mcfarland LLC,Pachecoborough,Kentucky,Corporate
1326,Schmidt and Sons,South Andrewshire,Alaska,Government
1327,"Chase, Lloyd and Porter",Evanshire,California,Retail
1328,Ruiz-Hall,West Hollyshire,Oklahoma,Retail
1329,Garcia and Sons,Butlerside,Colorado,Retail
1330,Ellis-Simpson,North Angelaport,Ohio,Retail
1331,Kim-Garcia,New Mariatown,South Carolina,Wholesale
1332,White-Alexander,Lake Sarah,Michigan,Corporate
1333,Lee-Davis,West Keithview,Montana,Retail
1334,"Turner, Harris and Kim",East James,Texas,Retail
1335,"Johnson, Barnett and Duarte",East Jennifer,Vermont,Government
1336,Stone and Sons,New Jeffreybury,Oklahoma,Wholesale
1337,Chaney Inc,Bridgettown,Idaho,Government
1338,Jones-Palmer,East Kelliton,Indiana,Government
1339,Hebert-Hill,East Michaelport,Rhode Island,Government
1340,"Mcclain, Gordon and Beck",North James,California,Retail
1341,"Scott, Collins and Leach",East Jessica,Nevada,Corporate
1342,Chavez-Vega,Amyport,Montana,Wholesale
1343,Guzman Ltd,South Donna,Missouri,Retail
1344,"Ramirez, Meadows and Kelly",New Peterland,Georgia,Wholesale
1345,Goodwin PLC,Lake Traceymouth,New York,Retail
1346,Chavez Ltd,Gallaghertown,New Jersey,Corporate
1347,"Jackson, Cross and Haynes",Clarkeshire,Idaho,Corporate
1348,"Blake, Smith and Rogers",South Chadtown,West Virginia,Wholesale
1349,Allen-Green,North James,Ohio,Government
1350,Ford Group,Mcintyreton,Nevada,Retail
1351,Guerra-Small,Hancockfort,Arizona,Wholesale
1352,Cox-Mcmillan,Brianbury,Florida,Government
1353,Martinez-Warren,West Derek,Delaware,Corporate
1354,Ford-Norris,Kristinhaven,South Carolina,Retail
1355,Nguyen Inc,North Kevinside,Connecticut,Corporate
1356,"Brown, Flynn and Anthony",East Amyshire,Pennsylvania,Retail
1357,"Shah, Davis and Martin",Wilsonville,Rhode Island,Government
1358,"Hardy, Smith and Perez",West Donnafort,South Dakota,Retail
1359,Chase-Serrano,Tammyland,Nevada,Government
1360,"Clayton, Stevenson and Elliott",Martintown,North Carolina,Retail
1361,Robles PLC,Ryanton,Hawaii,Wholesale
1362,Jackson-Collins,Lake Regina,Ohio,Corporate
1363,Moses-Johnson,North Perry,Colorado,Retail
1364,Price Ltd,Port Kenneth,Idaho,Retail
1365,Hall Group,Lake Evanburgh,New Hampshire,Corporate
1366,"Cunningham, Hopkins and Cooper",South Jill,Washington,Retail
1367,"Hodge, Smith and Gardner",East Stephanie,Alaska,Corporate
1368,Chavez LLC,Sanchezton,South Dakota,Government
1369,"Craig, Smith and Rivera",New Jennifer,California,Wholesale
1370,"Martin, Palmer and Kennedy",Courtneyport,Nevada,Wholesale
1371,"Taylor, Sanchez and Williams",Jessicabury,Indiana,Corporate
1372,Sanchez Ltd,Amyberg,Louisiana,Wholesale
1373,"Johnson, Cabrera and King",Klineville,Ohio,Corporate
1374,Bell LLC,Careyport,Colorado,Wholesale
1375,Miller-Murphy,New Teresaborough,Rhode Island,Retail
1376,"Thomas, Walker and Dudley",Bairdfort,Oregon,Retail
1377,Lozano-Harris,Craigville,Maryland,Wholesale
1378,Rivera Group,Lake David,Arkansas,Government
1379,Stevens Group,Lake Jacobton,Oklahoma,Wholesale
1380,Acosta and Sons,Hansenhaven,Arkansas,Retail
1381,Weeks-Leach,Michaeltown,Pennsylvania,Wholesale
1382,Clark PLC,South Taylorport,Ohio,Retail
1383,Johns-Hernandez,Port Brittanystad,Texas,Government
1384,Powell-Miller,Mirandashire,Oklahoma,Government
1385,"Riley, Kerr and Savage",Trujilloburgh,Georgia,Wholesale
1386,Adkins and Sons,Aliciabury,Mississippi,Retail
1387,Griffith PLC,Ryantown,Arkansas,Government
1388,"Maldonado, Avila and Owens",Port Michael,North Dakota,Corporate
1389,Diaz-Jones,Katietown,New York,Wholesale
1390,Bean and Sons,Bobbyhaven,California,Corporate
1391,Smith Group,Davidsonburgh,Wyoming,Wholesale
1392,"Castro, Herrera and Cook",New Kristin,Washington,Retail
1393,Simon Inc,Hendersonchester,Montana,Retail
1394,Browning Inc,Cabreraview,Indiana,Corporate
1395,Jones-West,Stanleyville,New York,Retail
1396,"Ward, Wright and Sims",South Randyview,Louisiana,Retail
1397,Morgan and Sons,South Theresashire,Florida,Retail
1398,"Sandoval, Wolfe and Roberts",East Paul,Oklahoma,Corporate
1399,"Burton, Wheeler and Brown",East Kenneth,Georgia,Retail
1400,Richards Group,New Danielberg,Virginia,Government
1401,"Steele, Cardenas and Morgan",Michaelborough,Washington,Wholesale
1402,"White, Dougherty and Anderson",Johnsonport,North Dakota,Government
1403,Williams Group,Taylorville,Wisconsin,Corporate
1404,Preston and Sons,Lake Stephanieside,Arizona,Corporate
1405,Davis Group,Brooksbury,Delaware,Retail
1406,"Cline, Hickman and Jones",Courtneyland,California,Government
1407,"West, Lee and Mccormick",Nicolefurt,Mississippi,Corporate
1408,"Brooks, Johnson and Munoz",Brownmouth,Texas,Wholesale
1409,"Scott, Lewis and Garcia",Port Jeremy,Michigan,Corporate
1410,"Mendoza, Williams and Casey",Wademouth,Georgia,Government
1411,Logan-Taylor,South Jeffreymouth,Tennessee,Wholesale
1412,Ryan-Smith,West Kimberlyburgh,Utah,Wholesale
1413,Ramirez Group,Pittmanton,New York,Retail
1414,"Copeland, Ramirez and Gordon",East Peggyton,Ohio,Wholesale
1415,"Rhodes, Morgan and Proctor",West Josephfurt,Wisconsin,Retail
1416,"Christian, Keller and Anderson",Nicolefurt,Nebraska,Retail
1417,Hunt LLC,Ericaland,Washington,Corporate
1418,Herrera-Gardner,Morrisonfurt,Alaska,Corporate
1419,Morrison-Nelson,North Stacy,Oregon,Retail
1420,Shannon-Thomas,West Jenniferhaven,New York,Government
1421,Johnson PLC,Alecstad,South Dakota,Retail
1422,Morgan-Lam,South Brian,Nebraska,Government
1423,"Juarez, Thompson and Klein",East Lisa,Maine,Wholesale
1424,"Ferrell, Rhodes and Knapp",North Jacob,Indiana,Wholesale
1425,"Robbins, Wells and Moran",Heidiberg,Texas,Wholesale
1426,Martinez-Stone,New Brettmouth,Wyoming,Retail
1427,"Lee, Fisher and Hanson",Washingtonfurt,Georgia,Government
1428,Thompson Ltd,East Veronicaport,Oregon,Retail
1429,Nolan Group,New Brooke,Massachusetts,Wholesale
1430,Hardy-Grimes,Langburgh,Michigan,Corporate
1431,Willis-Smith,Annemouth,Oklahoma,Wholesale
1432,"Kidd, Avila and Parker",New Nicoleberg,South Dakota,Wholesale
1433,Sanchez Group,Port Jonchester,Minnesota,Corporate
1434,"Cooper, Zimmerman and Morgan",Erikaview,South Carolina,Government
1435,Wilson-Brown,Stacyland,Colorado,Wholesale
1436,Rush Group,Amandahaven,Michigan,Government
1437,"Lopez, Powell and Cox",Phelpsbury,North Carolina,Corporate
1438,Ferrell-Oconnor,Mathisshire,Utah,Corporate
1439,Hill LLC,Wilsonside,Minnesota,Corporate
1440,"Mitchell, Hamilton and Davenport",South Sandraville,Virginia,Retail
1441,Anderson Group,Copelandstad,Alabama,Government
1442,Carson Group,Jamesmouth,Louisiana,Retail
1443,Thomas-Gray,Rossshire,Alaska,Corporate
1444,"Baker, Dean and Compton",Tylerville,Arkansas,Wholesale
1445,Wright-Brown,Rodriguezfort,West Virginia,Retail
1446,Ellis-Vasquez,West Marie,Pennsylvania,Wholesale
1447,Mahoney-Hill,South Jennifer,Vermont,Retail
1448,Anthony LLC,Alexanderview,Tennessee,Government
1449,"Davies, Gallegos and Hayes",East Kelseyside,Nevada,Wholesale
1450,Martinez Inc,North Travismouth,Georgia,Retail
1451,Anderson and Sons,Wrightfort,Florida,Corporate
1452,Johnson Ltd,Hannaborough,Utah,Corporate
1453,Robinson LLC,New Brandon,Mississippi,Government
1454,Gonzales Ltd,Mitchellmouth,Arizona,Government
1455,"Matthews, Cunningham and Kemp",West Tanyaland,Rhode Island,Retail
1456,Simmons-Erickson,West Jessica,Connecticut,Corporate
1457,Taylor PLC,Port Spencerton,Delaware,Wholesale
1458,Owens Ltd,New Nicole,Michigan,Retail
1459,Morrison-Rivera,Phillipston,Missouri,Retail
1460,Richards-Perez,Frankland,New Hampshire,Corporate
1461,Perez and Sons,Williamview,Florida,Government
1462,"Odonnell, Hebert and Rogers",New Susan,Maine,Wholesale
1463,Bishop-Marshall,West Tammychester,Virginia,Government
1464,Cooper and Sons,Vargasfurt,Idaho,Retail
1465,Cobb PLC,Port Richard,Connecticut,Retail
1466,"Flynn, Meyer and Pierce",Dawnside,Kansas,Corporate
1467,Johnson-Mullins,Connorshire,Arkansas,Government
1468,Carey-Johnson,Williamberg,Michigan,Retail
1469,Wilson PLC,New Raymond,Pennsylvania,Retail
1470,"Ward, Oconnor and Avila",East Jackville,Connecticut,Government
1471,Miller-Tyler,Dominiqueside,South Dakota,Corporate
1472,Simmons-Martinez,Tylerfurt,Connecticut,Corporate
1473,"Mueller, Alexander and Green",Lake Thomas,Alaska,Wholesale
1474,Wallace-Smith,Clineberg,Wyoming,Wholesale
1475,"Garcia, Gonzalez and Franklin",Coxside,Ohio,Wholesale
1476,Valentine-Smith,Eatonstad,South Dakota,Government
1477,"Goodman, Campbell and Benitez",West Jason,Alabama,Wholesale
1478,"Sherman, Roberson and Trevino",West Jamesville,Colorado,Wholesale
1479,"Ruiz, Monroe and Mora",Lake Eduardoside,Hawaii,Government
1480,"Greer, Simmons and Adams",Mariastad,Connecticut,Wholesale
1481,Harrison Ltd,West Lorimouth,Vermont,Corporate
1482,"Reed, Blackburn and Cook",Timothyshire,Kentucky,Retail
1483,Mckinney-Mendoza,Schroedermouth,Idaho,Corporate
1484,Sosa PLC,Barkerfurt,Maine,Corporate
1485,"Moore, Adams and Lopez",Cynthiaville,Oklahoma,Retail
1486,"Sims, Richmond and Smith",Angelaborough,Oregon,Corporate
1487,"Vaughn, Stafford and Bishop",Perezville,Kansas,Retail
1488,"Simmons, Montgomery and Avila",Shannonland,Massachusetts,Corporate
1489,Brown PLC,Turnertown,New Hampshire,Government
1490,"Rollins, Phillips and Gordon",South Johnside,Tennessee,Government
1491,Mcdonald Ltd,Lake Paulburgh,California,Wholesale
1492,Campbell and Sons,Staffordtown,Arkansas,Government
1493,"Meadows, Martin and Moran",Nathanielburgh,Idaho,Retail
1494,"Guerrero, Rivera and Bruce",Silvatown,Vermont,Wholesale
1495,Anderson PLC,Port Tylerside,New Mexico,Corporate
1496,Alvarez PLC,Karamouth,New Hampshire,Government
1497,Sanders-Allen,West Lauren,Illinois,Wholesale
1498,"Henderson, Taylor and Bass",Lake Laurieview,West Virginia,Government
1499,Brock-Powell,East Melissa,South Dakota,Wholesale
1500,"Lee, Wilson and Gonzalez",West Donnaside,Pennsylvania,Retail
1501,Howard and Sons,Jessicastad,Illinois,Retail
1502,Williams and Sons,Port Kelly,South Carolina,Corporate
1503,Johnson-Tran,Kleinville,Arizona,Wholesale
1504,"Ward, Kim and Meyer",New Destiny,Nevada,Retail
1505,Mcdaniel and Sons,Jacksonburgh,Texas,Corporate
1506,Perez and Sons,West Sherri,Massachusetts,Wholesale
1507,Vincent LLC,East Zacharyfurt,Tennessee,Corporate
1508,"Moore, Franco and Hamilton",Christinaville,Louisiana,Retail
1509,Combs-Jones,Lisabury,Missouri,Corporate
1510,"Rubio, Foster and Nguyen",Hudsonchester,Alaska,Wholesale
1511,Wiggins-Smith,Saramouth,Idaho,Government
1512,Hernandez Ltd,Danielsfurt,Louisiana,Retail
1513,"Powell, Flores and West",Leborough,Oklahoma,Wholesale
1514,Gordon Ltd,Campbellmouth,Iowa,Wholesale
1515,Gonzalez-Brown,Lake Ashley,Texas,Corporate
1516,Rosario-Perry,Brendaberg,Kansas,Retail
1517,Miller-Todd,New Amandaborough,Michigan,Government
1518,Barnett Inc,South Allison,Idaho,Government
1519,"Ward, Murphy and Chandler",Rodriguezton,Rhode Island,Corporate
1520,Davis-Allen,West Peggy,Alaska,Retail
1521,Lawson Inc,Port Jeffrey,Maine,Government
1522,Serrano and Sons,Aaronborough,Virginia,Retail
1523,Torres-Reid,North Beth,New Hampshire,Corporate
1524,"Yates, Carter and Travis",Tinahaven,Maine,Retail
1525,Dillon PLC,Smithmouth,Wyoming,Retail
1526,"Flores, Martinez and Collins",East Amyport,Maine,Retail
1527,"Morgan, Arnold and Rogers",Fischerfort,North Carolina,Corporate
1528,Lyons Inc,Garyshire,Utah,Corporate
1529,Mcguire Ltd,Port Sandy,North Dakota,Corporate
1530,Gay-Curtis,Mcdonaldton,Missouri,Government
1531,Brown Inc,Bondmouth,Utah,Wholesale
1532,"Phillips, Reed and Ward",West Sandraton,Ohio,Retail
1533,Jackson-Ortega,Robertside,Maryland,Wholesale
1534,"Hawkins, Chavez and Jones",Martinezville,Pennsylvania,Retail
1535,"Pham, Hall and Mcguire",West Jimmy,Connecticut,Retail
1536,Ferguson PLC,West Rebeccabury,Nevada,Retail
1537,Reynolds LLC,North Lisachester,Nevada,Corporate
1538,"Martinez, Davis and Smith",Lake Erica,New York,Government
1539,"Obrien, Jones and Sandoval",Cruzshire,New Mexico,Corporate
1540,Fernandez-Chambers,Andersonside,Oregon,Retail
1541,Arellano LLC,Mooreville,Indiana,Wholesale
1542,Williams Ltd,East Stephen,Nevada,Retail
1543,"Rodriguez, Ward and Vincent",Charlestown,Arizona,Retail
1544,Cook and Sons,New Dana,New Jersey,Government
1545,White and Sons,West Katherinemouth,Ohio,Retail
1546,"Greer, Logan and Campbell",New Andresfort,Washington,Corporate
1547,Burns Inc,New Taratown,West Virginia,Government
1548,Watson-Delacruz,South Courtneyshire,Texas,Government
1549,Johnson-Jenkins,New Sharonview,North Dakota,Government
1550,"Waller, Jackson and Colon",Lake Catherine,Illinois,Retail
1551,"Johnson, Jackson and Edwards",Lopezside,Illinois,Government
1552,"Powell, Koch and Thomas",Lake Feliciatown,Oklahoma,Government
1553,Brooks Group,Marthaport,Nevada,Corporate
1554,Goodman-Brown,West Kevinland,Utah,Wholesale
1555,Parker PLC,Mirandaborough,Minnesota,Corporate
1556,"Hancock, Schaefer and Warren",New Suzanne,Oregon,Corporate
1557,"Thompson, Woodward and Wagner",Richardview,South Carolina,Wholesale
1558,"Martinez, Mccarty and Roy",North Johnchester,Michigan,Wholesale
1559,"Mitchell, Harding and Frost",Lake Ricardo,California,Government
1560,Wagner-Russell,Valdezside,Kansas,Corporate
1561,Palmer-Mitchell,Anthonyport,Utah,Retail
1562,Young-Singh,South Stephen,New Hampshire,Corporate
1563,"Thompson, Martin and Anderson",Lake Elizabethhaven,Oregon,Wholesale
1564,Oconnell-Knight,Turnerton,Kentucky,Government
1565,Brewer-Lowery,West Bryanville,Wisconsin,Government
1566,Townsend-Lang,North Jadefurt,Colorado,Government
1567,"Li, Johnson and Lane",Teresamouth,Pennsylvania,Retail
1568,"Wood, Martin and Perry",South Brittanyland,Ohio,Retail
1569,"Smith, Conley and Owens",New Michael,Oregon,Wholesale
1570,Rice-Stewart,Port Christopherville,Delaware,Government
1571,Hernandez LLC,Fergusonland,Maine,Corporate
1572,Obrien-Orozco,East Nathaniel,Alabama,Government
1573,"Allen, Rios and Cobb",South Tinastad,Montana,Corporate
1574,Knox LLC,North Heatherside,Maine,Corporate
1575,Barr PLC,Lake Nathaniel,Indiana,Retail
1576,Roman PLC,Johnmouth,Indiana,Government
1577,Fernandez Inc,Stephenview,Nebraska,Wholesale
1578,"Parks, Allen and Torres",West Jasonland,West Virginia,Government
1579,"Christian, Suarez and Brown",West Jenniferside,Arkansas,Government
1580,Williams Ltd,Gomezton,Wisconsin,Wholesale
1581,Pope-Gonzales,Dennisfurt,Missouri,Wholesale
1582,Miller-Sutton,Bowersstad,Connecticut,Government
1583,Clark-Barker,Rossborough,Kentucky,Wholesale
1584,Chaney LLC,North Virginia,Florida,Corporate
1585,Rogers Group,Lake John,Washington,Retail
1586,"Lewis, Mathews and Cummings",Blanchardview,Michigan,Wholesale
1587,Decker PLC,Port Matthew,West Virginia,Corporate
1588,Wood-Caldwell,Stevenmouth,Virginia,Retail
1589,Hanson-Morton,Nicoleport,Alaska,Wholesale
1590,"Hale, Madden and Johnson",Hughestown,Oklahoma,Retail
1591,Fischer-White,East Christopherfort,North Carolina,Government
1592,"Garcia, Mendoza and Perkins",West Lindaberg,Missouri,Wholesale
1593,"Walker, Garcia and Romero",Brianfurt,North Dakota,Corporate
1594,Watts-Lee,West Elizabeth,Connecticut,Corporate
1595,Vasquez-Flores,Prestonmouth,Vermont,Retail
1596,Huerta-Parker,East Sean,North Carolina,Corporate
1597,Edwards-Koch,West Gregory,Iowa,Corporate
1598,"Patton, Lowe and Wallace",Conniebury,New Jersey,Wholesale
1599,"Rollins, James and Medina",Ryanmouth,North Dakota,Retail
1600,"Rogers, Hansen and Pena",Mariobury,Connecticut,Corporate
1601,Horton Inc,Johnsonport,Colorado,Government
1602,"Spears, Boyd and Lopez",Mccoyburgh,South Dakota,Wholesale
1603,"Gilbert, Ramos and Stevens",New Kendra,New Mexico,Corporate
1604,Powell and Sons,Jacquelineshire,Georgia,Corporate
1605,Shelton and Sons,Gibsonland,Connecticut,Corporate
1606,Johnson-Hunter,Joshuaborough,Wisconsin,Wholesale
1607,"Garner, Guzman and Long",Jennifertown,Delaware,Wholesale
1608,"Valentine, Andersen and Martin",North Erin,Alabama,Retail
1609,"Powell, Johnson and Atkins",Walkerville,Minnesota,Wholesale
1610,Holmes-Ingram,Lake Garyborough,Colorado,Corporate
1611,Hart-Herrera,South David,Pennsylvania,Corporate
1612,Lynch-Morris,Sarahfort,Utah,Government
1613,Summers-Glenn,Lindseymouth,South Dakota,Wholesale
1614,Myers Group,Carterborough,Georgia,Corporate
1615,Rivera-Richmond,New Rebecca,Nevada,Government
1616,Andrews Group,Phillipsberg,Massachusetts,Retail
1617,"Garcia, Hoffman and Simmons",Lake Courtney,New Hampshire,Retail
1618,Sawyer Ltd,Nathanville,Iowa,Retail
1619,Stephens Ltd,Elizabethview,Virginia,Corporate
1620,"Johnson, Glenn and Robinson",Stevensonstad,New Hampshire,Corporate
1621,Chung-Rodriguez,Rodriguezton,Montana,Retail
1622,"Mitchell, Sullivan and Spencer",New Claudiatown,Delaware,Government
1623,Robinson PLC,Samanthaland,California,Retail
1624,Kline Ltd,North Leslieland,Indiana,Wholesale
1625,Baker-Schmidt,Marthaview,Tennessee,Corporate
1626,"Carr, Scott and Wright",New Veronicaport,Georgia,Corporate
1627,Aguilar-Klein,New Ashley,Maryland,Wholesale
1628,"Oconnor, Leon and Mitchell",West Anna,Oklahoma,Corporate
1629,Ball-Chavez,Gabrielleview,Kansas,Wholesale
1630,Jennings-Nelson,Port Ashley,Oregon,Retail
1631,Johnson and Sons,South Loretta,California,Retail
1632,Rodriguez-Evans,West Jessicaport,Alabama,Corporate
1633,"Hunt, Allen and Baker",Lake Jamie,Connecticut,Corporate
1634,Adams Inc,Jessicamouth,North Carolina,Retail
1635,Goodman Ltd,Smithview,Iowa,Wholesale
1636,Lewis PLC,Carrollfort,West Virginia,Retail
1637,"Nichols, Parker and Hopkins",Brittanyland,Arkansas,Wholesale
1638,Mcdaniel Group,Kristiefurt,Colorado,Government
1639,Case-Taylor,South Ashley,South Carolina,Retail
1640,Hawkins-Cameron,Kristineland,New Jersey,Wholesale
1641,"Kirby, Gibson and Medina",East Richard,Utah,Wholesale
1642,"Fisher, Brewer and Jennings",Blackview,South Carolina,Wholesale
1643,"Adams, Brooks and Levine",West Amanda,Oklahoma,Corporate
1644,Sweeney and Sons,Reginaldborough,Oklahoma,Corporate
1645,"Lawson, Riley and Flores",Thomasport,Idaho,Government
1646,Phillips-Lewis,Bakerview,West Virginia,Government
1647,Williams-Coleman,East Erik,Georgia,Wholesale
1648,Cantu and Sons,Sanchezton,South Carolina,Corporate
1649,"Flores, Lucas and Rodriguez",East Amy,North Dakota,Wholesale
1650,"Scott, Small and Rose",New Dylan,Rhode Island,Corporate
1651,Mclean-Pena,West Amy,New Jersey,Corporate
1652,Webb Ltd,Sanchezborough,Michigan,Government
1653,Jimenez-Hull,Lake Jack,Hawaii,Wholesale
1654,Thompson LLC,New Johnport,Colorado,Wholesale
1655,"Stone, Williams and Cummings",Edwardsside,New Hampshire,Corporate
1656,Chambers-White,Jacobchester,Arizona,Corporate
1657,Acosta-Mcgee,Port Michael,Delaware,Retail
1658,"Lee, Herrera and Lyons",South Nicholasshire,Indiana,Government
1659,Stewart Inc,East Emilyland,Indiana,Retail
1660,Davis and Sons,North Marissa,Pennsylvania,Corporate
1661,Scott-Williamson,Espinozatown,Iowa,Wholesale
1662,Fox PLC,Christopherhaven,New York,Corporate
1663,Turner PLC,Gonzalezberg,Virginia,Retail
1664,Lewis-Pope,Patrickport,Iowa,Government
1665,"Thompson, Butler and Wilson",New Peter,Idaho,Corporate
1666,"Fields, Massey and Smith",Laceyport,Kentucky,Wholesale
1667,"Contreras, Blake and Lopez",New Shawn,Nevada,Retail
1668,"Williams, Merritt and Randolph",Brookefort,Nevada,Corporate
1669,Gonzalez-Delacruz,New Paul,North Carolina,Wholesale
1670,Diaz Inc,Lynnshire,West Virginia,Wholesale
1671,Grant-Hoffman,East Tracyton,Nevada,Corporate
1672,"Lewis, Miller and Johnson",Gregoryhaven,Arizona,Retail
1673,"Dunlap, Galvan and Sanders",Port Josephburgh,Missouri,Wholesale
1674,Chapman and Sons,Robertfort,Nebraska,Government
1675,Pennington and Sons,Thomasberg,Michigan,Retail
1676,Rivera-Morrison,Penningtonfurt,Oklahoma,Wholesale
1677,Thompson Group,Evansview,New York,Corporate
1678,Chambers LLC,Jesseside,Oregon,Corporate
1679,"Holloway, Cook and Lloyd",East Kathrynchester,Connecticut,Retail
1680,Harding-Mccullough,Lauraland,West Virginia,Wholesale
1681,"Allen, Sanders and Stephens",South Kimberly,Idaho,Wholesale
1682,Burns PLC,Perezfort,Maine,Retail
1683,Stephens-Martinez,Greenshire,Rhode Island,Retail
1684,Watkins-Dennis,New Tinaburgh,Minnesota,Retail
1685,"Zuniga, Cobb and Gordon",Lake Brianborough,North Dakota,Government
1686,Johnson-Weaver,Hernandezton,Missouri,Government
1687,Bailey Ltd,Snyderville,Wyoming,Government
1688,"Sandoval, Smith and Sanchez",Newmanmouth,Minnesota,Corporate
1689,Richardson-Lopez,Aguilartown,Washington,Government
1690,Mcdonald Inc,New Danielshire,Indiana,Government
1691,Terry-Hernandez,New Charlotteview,New Jersey,Government
1692,"Wood, Young and Wilson",Lake Andrewfurt,Rhode Island,Wholesale
1693,"Edwards, Taylor and Jackson",Sherristad,Mississippi,Government
1694,"Herman, Benjamin and Wyatt",East Garrettfurt,Texas,Retail
1695,"Smith, Schmitt and Sanchez",Wellsbury,Maryland,Government
1696,Vega Inc,Andrewmouth,Pennsylvania,Corporate
1697,Kelly-Pierce,Williamsstad,Connecticut,Corporate
1698,Lewis-Colon,Knoxton,South Carolina,Government
1699,"Porter, Cox and Avila",Lake Denise,Indiana,Retail
1700,Morgan-Vega,Jacquelineview,North Carolina,Retail
1701,Roberson-Cunningham,North Henrystad,Arkansas,Wholesale
1702,"Wright, Clark and Franklin",Morrisside,North Dakota,Retail
1703,Smith-Johnson,Charlesshire,Rhode Island,Wholesale
1704,Miller-Reed,West Davidtown,New Jersey,Wholesale
1705,"Bass, Bruce and Miranda",Adkinsborough,North Dakota,Retail
1706,Howe-Stevenson,North Samantha,Utah,Retail
1707,"Gibson, Martin and Mcpherson",East Davidland,Georgia,Wholesale
1708,"Alvarez, Burns and Giles",South Jasonport,Oklahoma,Corporate
1709,Stewart-Grimes,Jarvisside,Florida,Government
1710,Smith-Wilson,New Timothyshire,California,Corporate
1711,"Avery, Mccarty and Lopez",Ramosville,Oregon,Retail
1712,Huff and Sons,Michaelton,Minnesota,Retail
1713,"Sanchez, Mccann and Collier",Cainberg,Ohio,Wholesale
1714,Taylor Ltd,Lake Tonya,Delaware,Government
1715,Henson Group,Hubbardton,New Mexico,Retail
1716,"Phillips, Morrison and Alvarez",Brianview,Idaho,Government
1717,Coleman-Smith,Arroyostad,New York,Corporate
1718,Hernandez-Gilbert,Jacobland,Wyoming,Government
1719,Hicks PLC,Port Chad,Michigan,Corporate
1720,"Brown, Parker and Mahoney",Chelseastad,Louisiana,Retail
1721,"Williams, Jones and Wilson",West Sherry,California,Retail
1722,Pearson Group,Hawkinsland,Oklahoma,Wholesale
1723,Farrell-Bishop,Grayshire,South Carolina,Corporate
1724,Foster-Williams,Lake Eric,Oregon,Corporate
1725,Jimenez-Gray,Faithchester,Vermont,Government
1726,Cox-Spencer,South Justinport,Vermont,Wholesale
1727,"Wilson, Henderson and Owen",North Mckenziebury,Illinois,Wholesale
1728,Copeland Ltd,Lambertburgh,Arkansas,Wholesale
1729,Grant-Moore,Charlesburgh,Oklahoma,Corporate
1730,Meyers LLC,East Andrewbury,Missouri,Retail
1731,"Hunt, Morrison and Collins",Mcgrathborough,Georgia,Retail
1732,Bates-Bender,East Andrewshire,Wisconsin,Government
1733,Davis PLC,Castilloland,Tennessee,Government
1734,Meyer LLC,Lake Shannonview,Pennsylvania,Corporate
1735,Jones Group,West Alex,Kansas,Retail
1736,"Gilbert, Newman and Higgins",Stricklandstad,Pennsylvania,Wholesale
1737,Underwood-Flores,Dalemouth,Alabama,Retail
1738,"Hunt, Hart and Thompson",New Rebeccachester,Illinois,Government
1739,Coleman LLC,Matthewtown,North Dakota,Retail
1740,"Jenkins, Carter and English",Rojasville,Wyoming,Wholesale
1741,Reeves-Estrada,Mccallbury,Maine,Government
1742,Greene and Sons,West Willie,Oregon,Corporate
1743,"Gordon, Adams and Hickman",Millshaven,Ohio,Retail
1744,Montoya Inc,Ambermouth,Hawaii,Retail
1745,Lyons LLC,East Colleenbury,Nevada,Corporate
1746,"Bell, Kirk and Stokes",Shannonchester,Missouri,Corporate
1747,King-Huynh,Choimouth,Nevada,Wholesale
1748,Watkins-Castillo,Kathrynfurt,Missouri,Retail
1749,"Jackson, Lindsey and Evans",Stephenton,New York,Government
1750,Harris-Walker,Fisherchester,Texas,Retail
1751,Wagner Inc,Lake Jay,Montana,Wholesale
1752,Maldonado Ltd,Harperfurt,Maryland,Government
1753,Reed-Koch,North Lisaview,Alaska,Government
1754,Browning LLC,New Edwardberg,Massachusetts,Government
1755,"Charles, Harrington and Wallace",Derrickchester,Nevada,Wholesale
1756,Woodward-Bray,Hornmouth,New Hampshire,Retail
1757,"James, Harris and Johnson",North Zacharyland,Massachusetts,Government
1758,Morton-Vance,Randallport,Louisiana,Corporate
1759,"Ward, Burns and Hess",South Ashleyland,Maine,Wholesale
1760,Farrell and Sons,East Susanfort,California,Government
1761,Wang-Lynch,Chrischester,Ohio,Wholesale
1762,Dunn PLC,Marthaburgh,New Jersey,Corporate
1763,Reynolds LLC,New Oliviaville,Maryland,Government
1764,"Blankenship, Higgins and Clark",Natashachester,Virginia,Retail
1765,"Smith, Ross and Ellis",Port Danielmouth,North Carolina,Wholesale
1766,Cole LLC,New Melanieberg,Colorado,Government
1767,Serrano Inc,West Markside,Delaware,Government
1768,"Davis, Luna and Parker",Katherineport,Maine,Wholesale
1769,"Gutierrez, Green and Smith",East Joshua,Wyoming,Corporate
1770,"Neal, Thompson and Brown",Williamshire,South Dakota,Wholesale
1771,Shaw-Martin,North Maria,Virginia,Retail
1772,Leach-Gomez,Edwardbury,Massachusetts,Corporate
1773,"Love, Williams and Black",Lake Richardside,Delaware,Retail
1774,"Martin, James and Rodriguez",Dickersonhaven,Mississippi,Retail
1775,Mitchell-Bray,Mcguireshire,Utah,Wholesale
1776,"Ochoa, Davidson and Nelson",Theodorestad,New Jersey,Government
1777,Hughes-Jordan,Sharonside,Arkansas,Corporate
1778,Harris PLC,West Karen,New Jersey,Retail
1779,Harmon Inc,South Judyshire,Ohio,Government
1780,Fernandez Inc,Aaronville,Nevada,Government
1781,Wilson-Williams,West Markberg,Kansas,Government
1782,Harvey-Collins,Brianchester,Washington,Corporate
1783,"Decker, Smith and Grant",Andrealand,Arkansas,Government
1784,Hayes and Sons,Mcmillanfurt,New Mexico,Wholesale
1785,"Whitehead, Johnson and Lynch",New Nicholas,Pennsylvania,Retail
1786,"Martin, Lee and Calderon",Hopkinsview,South Dakota,Government
1787,"Randall, Mayo and Hayes",West Craig,Arkansas,Retail
1788,Carter Ltd,Patrickside,Alaska,Corporate
1789,"Torres, Alexander and Hayes",New Christopherfort,Maine,Retail
1790,"Sanford, Livingston and Adams",North Teresaview,Louisiana,Government
1791,Miller Inc,Laurachester,New York,Corporate
1792,"Montgomery, Rhodes and Adams",Robertborough,North Carolina,Corporate
1793,Vargas-Rollins,Spencerton,Massachusetts,Corporate
1794,Jones PLC,Jenniferstad,North Dakota,Corporate
1795,"Davis, Gonzalez and Sanders",Collinsport,Indiana,Corporate
1796,Evans-Johnson,Houstonview,Minnesota,Retail
1797,White Ltd,Trevormouth,Nevada,Government
1798,Ruiz Ltd,Christopherview,New Hampshire,Retail
1799,Baker Inc,Collinsside,Missouri,Government
1800,"Williams, Santiago and Munoz",North Jennifer,Virginia,Corporate
1801,"Watts, Harmon and Travis",West Denniston,Rhode Island,Corporate
1802,Martin-Brewer,Gonzalesport,California,Wholesale
1803,Cummings-Roman,West Elizabeth,Michigan,Wholesale
1804,Ayala Ltd,Lisaland,West Virginia,Retail
1805,Stone-Holden,Mayershire,West Virginia,Retail
1806,"Lawson, Sawyer and Sanders",Lucasland,Nevada,Government
1807,White-Gonzalez,East Jamesshire,Wisconsin,Government
1808,Oneill-Crosby,Lake Annstad,Delaware,Wholesale
1809,Benson-Fitzpatrick,New Amanda,Texas,Wholesale
1810,Lee Inc,Nguyenberg,North Dakota,Government
1811,Burns and Sons,Lake Nicoletown,Kansas,Retail
1812,"Robinson, Taylor and Cain",New Shelbyview,New Jersey,Government
1813,Yang Group,North Justin,Maine,Retail
1814,Davis and Sons,Petersonview,Montana,Government
1815,"Thomas, Scott and May",North Andre,Colorado,Corporate
1816,Vasquez LLC,Loriport,California,Corporate
1817,Kelly-Davis,Riverastad,Maryland,Retail
1818,"Lee, Grimes and Kirk",North Taraview,Georgia,Retail
1819,Lopez Group,Welchport,Washington,Retail
1820,Harrison-Benitez,Greenefurt,Minnesota,Wholesale
1821,Torres Group,South Mary,Washington,Wholesale
1822,Allison-Clayton,North Alexisland,Pennsylvania,Government
1823,Chavez-Brown,Lebury,Texas,Wholesale
1824,"Walters, Lozano and Pitts",East Antonio,Alaska,Government
1825,"Blair, Jacobson and Hernandez",South David,Massachusetts,Government
1826,Buck PLC,Brandyport,South Carolina,Government
1827,Sherman LLC,Jeffreyton,West Virginia,Retail
1828,"Thomas, Ward and Smith",North Allison,New York,Corporate
1829,"Lee, Nichols and Valdez",West Davidton,Arizona,Wholesale
1830,"Ruiz, Brown and Rodriguez",Jamesburgh,Alabama,Government
1831,"Contreras, Hart and Foster",Juanton,Maine,Corporate
1832,"Patterson, Ortiz and Wallace",Lake Marcus,New Mexico,Government
1833,"Reeves, Macdonald and Kelly",Loganberg,North Dakota,Retail
1834,Green-Jenkins,Tamiside,Kansas,Government
1835,Moore Inc,North Reginamouth,Nevada,Wholesale
1836,Chambers and Sons,East Samuelshire,Idaho,Corporate
1837,Ramirez LLC,East Rhonda,Arkansas,Retail
1838,Cox Inc,Stephanieside,New Mexico,Government
1839,Freeman-Johnson,Christopherport,Utah,Wholesale
1840,Mccormick-Barber,Reginaldburgh,Minnesota,Wholesale
1841,"Reid, James and Duffy",South Robert,South Dakota,Retail
1842,"Miranda, Smith and Richards",West Amy,North Carolina,Wholesale
1843,"Rogers, Skinner and Murphy",East Stevenhaven,Oklahoma,Wholesale
1844,"Mcdaniel, Mullen and Ellis",Lisashire,Nebraska,Wholesale
1845,Glover-Foster,Davidmouth,Massachusetts,Wholesale
1846,Green and Sons,New Eric,Hawaii,Government
1847,"Yang, Tucker and Daniels",Lake Austinport,Rhode Island,Retail
1848,"Washington, Young and Blevins",Phillipsport,Nevada,Corporate
1849,Bauer LLC,South Danielshire,Colorado,Corporate
1850,"Lewis, Reese and Daniels",Patriciaborough,Delaware,Wholesale
1851,Thompson Group,Webbbury,California,Government
1852,Davis-Terrell,New Mitchellmouth,New Jersey,Wholesale
1853,Thompson-Nelson,Donaldstad,Arkansas,Wholesale
1854,"Castillo, Hammond and Reynolds",Erinside,Nebraska,Government
1855,"Adams, Williams and Franklin",East Andrew,Hawaii,Retail
1856,Frazier-Snyder,Gilbertport,West Virginia,Corporate
1857,"Sutton, Price and James",Port Samuel,South Carolina,Government
1858,Glass PLC,Cardenasshire,Mississippi,Corporate
1859,Pacheco-Fitzpatrick,Lake Deanna,Washington,Government
1860,Scott-Conway,West Deborahmouth,Oregon,Government
1861,Medina-Flores,East Brandon,West Virginia,Wholesale
1862,Mendoza-Marshall,North Davidborough,North Carolina,Retail
1863,Hurst-Clay,Yangborough,Nevada,Corporate
1864,Gonzalez Inc,New Andrewstad,North Dakota,Retail
1865,"Holt, Porter and Davis",Wolfeside,Arkansas,Wholesale
1866,Scott LLC,Thomasfurt,South Carolina,Government
1867,"Nelson, Kim and Ellis",South Alyssaport,Missouri,Corporate
1868,"Coleman, Rosales and Weaver",West Lawrenceton,Alabama,Retail
1869,"Parker, Bell and Nolan",East Kelly,Nebraska,Corporate
1870,Harris and Sons,Williamsonberg,Connecticut,Corporate
1871,"Contreras, Jensen and Williams",North Tamara,California,Corporate
1872,Fox Group,Thompsonland,Nevada,Retail
1873,"Baker, Davis and Terry",Port Alejandro,Texas,Corporate
1874,Smith-Cruz,West Chloeborough,Mississippi,Retail
1875,Porter-Foley,New Jamiestad,California,Government
1876,Harris Group,Higginston,Ohio,Retail
1877,"Nolan, Leonard and Garcia",Thompsonbury,Maine,Wholesale
1878,White-Fletcher,New Robertberg,Hawaii,Corporate
1879,Scott Inc,Kevinbury,Illinois,Wholesale
1880,Pham PLC,Alexandrafort,Texas,Wholesale
1881,White-Adams,North David,Utah,Government
1882,Owen Inc,North Lisa,New Hampshire,Government
1883,Robinson and Sons,Lake Johnbury,South Carolina,Retail
1884,Jimenez Inc,Ballardbury,Illinois,Retail
1885,"Thompson, Lowe and Ingram",Meyerborough,California,Corporate
1886,"Morgan, Mason and Smith",New Mark,New Jersey,Wholesale
1887,Higgins PLC,Port Christopher,Utah,Government
1888,"Esparza, Hudson and Camacho",Port Teresa,Montana,Government
1889,"Klein, Moore and Davis",West Michelleport,Florida,Corporate
1890,Miller Inc,Ericshire,North Carolina,Government
1891,Coleman and Sons,Davenportchester,Hawaii,Wholesale
1892,Zimmerman Inc,North Tyler,Maryland,Wholesale
1893,"King, Nunez and French",West Travis,Ohio,Corporate
1894,"Price, Aguilar and Smith",Georgehaven,Georgia,Wholesale
1895,Vincent Group,Mitchellshire,Maryland,Retail
1896,Hansen-Salinas,South Whitney,Oregon,Wholesale
1897,Cox and Sons,Vanceview,Maryland,Retail
1898,Boyd-Evans,North Jeffreyville,Maine,Government
1899,"Vasquez, Richardson and Davis",East Jenny,Iowa,Retail
1900,Turner Group,Brandonborough,Virginia,Corporate
1901,Alvarez Group,Port Nicole,Missouri,Corporate
1902,Fitzgerald-Myers,East Tiffany,Delaware,Corporate
1903,Gray-Adkins,Tracyton,Maine,Corporate
1904,Leach-Bailey,West Jenniferside,Washington,Corporate
1905,Lee LLC,Ericmouth,California,Wholesale
1906,"Kaufman, Hall and Peters",Lake Paulborough,Kentucky,Government
1907,Collins-Gray,East Stephanie,Nevada,Retail
1908,Brown Ltd,Lake Thomasmouth,Iowa,Retail
1909,Hunter-Butler,North Hannah,Indiana,Government
1910,Conrad Inc,Colleenhaven,Tennessee,Corporate
1911,Oconnor-Bennett,East Mariofort,Arkansas,Corporate
1912,"Clark, Rogers and Oconnell",Petersside,Virginia,Retail
1913,Hanson-Thomas,Danielburgh,Vermont,Corporate
1914,"Graham, Douglas and Jackson",Adamsburgh,Pennsylvania,Wholesale
1915,"Hughes, Brennan and Williams",Caldwellberg,West Virginia,Wholesale
1916,Roberts PLC,East Stevenbury,New Mexico,Wholesale
1917,Kramer LLC,East Christina,Rhode Island,Government
1918,Hernandez-Stark,West Wayne,Oregon,Government
1919,Chen Ltd,Oscarport,Washington,Wholesale
1920,Perry Ltd,West Christopher,Alaska,Government
1921,"Lewis, Sanchez and Hobbs",Averyhaven,Delaware,Wholesale
1922,"Young, Combs and Walters",Courtneymouth,Maine,Corporate
1923,"Sanders, Contreras and Powell",Bettyshire,North Carolina,Government
1924,Espinoza-Walker,Lake Robert,New York,Wholesale
1925,West-Herrera,Morrismouth,South Carolina,Government
1926,Underwood-Miller,Cortezport,Delaware,Retail
1927,Kim Ltd,Lynchside,North Carolina,Retail
1928,Lopez-Green,Estradamouth,Texas,Wholesale
1929,Booth Inc,Port Nicolefurt,Ohio,Wholesale
1930,"Graham, Simmons and Waters",Lake Daniellehaven,Virginia,Wholesale
1931,Gilbert-Bennett,Weaverland,West Virginia,Retail
1932,Fowler-Hahn,Port Michael,Oklahoma,Government
1933,"Edwards, White and Aguilar",New Alicia,Michigan,Retail
1934,Lynn-Morris,Laurastad,Pennsylvania,Wholesale
1935,"Williams, Ramsey and Dean",Meganchester,California,Wholesale
1936,Clark-Douglas,South Richard,Virginia,Wholesale
1937,Perez-Riddle,Wuside,Idaho,Wholesale
1938,"Anderson, Phillips and Hurst",Josephview,Wyoming,Wholesale
1939,Wong-Rodriguez,Martinburgh,Delaware,Wholesale
1940,Ruiz PLC,North Jonathanbury,Wyoming,Corporate
1941,Shepard PLC,Watsonton,Hawaii,Corporate
1942,Johnson-Wilson,Vickibury,Vermont,Corporate
1943,Harrison Inc,South Mark,Wyoming,Retail
1944,Bowen-Maynard,North Kellystad,North Carolina,Government
1945,Moody PLC,Jasminechester,Pennsylvania,Wholesale
1946,Campbell-Torres,Port Karaton,New Mexico,Corporate
1947,Williams PLC,Edwardton,Arizona,Retail
1948,"Campbell, Gray and Schmitt",West Markstad,South Dakota,Government
1949,"Rivers, Robinson and Wells",Lake Travis,South Carolina,Wholesale
1950,Evans-Davis,Reeseport,Michigan,Wholesale
1951,Jenkins Group,West Edwardmouth,Kentucky,Government
1952,Proctor and Sons,Figueroaland,Utah,Government
1953,Dennis Ltd,West Donnaside,Utah,Government
1954,"Meyer, Stephens and Carpenter",Ortizberg,Kansas,Retail
1955,Pennington-Smith,East Michellechester,Vermont,Corporate
1956,Humphrey Group,Port Mark,Pennsylvania,Wholesale
1957,Holland-Castro,East Nicole,Tennessee,Corporate
1958,"Gomez, Newman and Wolf",Amandatown,Arkansas,Government
1959,"Ward, Love and Williams",Port Alan,Michigan,Wholesale
1960,Mcdaniel Group,West Vincent,California,Wholesale
1961,"Marshall, Luna and Bradford",West Douglas,Massachusetts,Corporate
1962,Wood-Lewis,East Nicolemouth,Illinois,Corporate
1963,Clark LLC,South Amyshire,Florida,Wholesale
1964,Bailey-Graves,Leeville,Alabama,Retail
1965,Yoder-Stevens,Hallhaven,New York,Government
1966,Johnson Inc,Cruzberg,Texas,Corporate
1967,Walters and Sons,Weaverville,Minnesota,Wholesale
1968,Davis and Sons,East Patriciafort,West Virginia,Corporate
1969,Patterson PLC,Jasminebury,Mississippi,Wholesale
1970,Henson LLC,New Sethberg,Nevada,Retail
1971,Atkinson-Bailey,Josephmouth,Michigan,Corporate
1972,Harris-Young,Greeneberg,Wyoming,Wholesale
1973,Day and Sons,Leonardfurt,Missouri,Corporate
1974,Ryan LLC,Mahoneyport,Kentucky,Wholesale
1975,Trevino-Thomas,West John,Michigan,Government
1976,Nguyen-White,West Jacobfurt,Massachusetts,Wholesale
1977,Woods-Carlson,Yvonnemouth,Arizona,Wholesale
1978,Mcpherson-Hodges,Shepardfort,California,Wholesale
1979,"Meyer, Roberts and Henson",Robertsonmouth,Ohio,Wholesale
1980,Henry LLC,Brettview,Maryland,Government
1981,Bender-Hill,Allisonmouth,Maine,Retail
1982,Simon Ltd,New Carlos,Alabama,Government
1983,Hoffman-Bishop,Lindseyburgh,South Dakota,Retail
1984,Johnson-Ayala,Lake Mark,Alabama,Retail
1985,Harris-Vargas,Lake Jacqueline,Oklahoma,Government
1986,"Hopkins, Wilcox and Gonzales",North Barbara,Utah,Corporate
1987,"Hernandez, Phillips and Walter",Jamesfurt,Colorado,Retail
1988,"Powell, Hall and Torres",South Maryport,Virginia,Government
1989,Gonzalez-Collins,East Jessica,Virginia,Wholesale
1990,Ward-Graves,Lopezton,New Jersey,Government
1991,"Lynch, Carter and Smith",Port Vanessashire,Minnesota,Retail
1992,Walker Group,Penahaven,Wisconsin,Corporate
1993,Campbell and Sons,Stephenmouth,Vermont,Corporate
1994,"Mayer, Gregory and Collins",Whitneyton,Alaska,Corporate
1995,Walker and Sons,New Alejandro,Hawaii,Wholesale
1996,Flores-Robbins,New Alexanderland,Idaho,Government
1997,Thompson-Hatfield,South Alexandraview,Missouri,Government
1998,Palmer LLC,New Michaelport,Tennessee,Corporate
1999,Duran-Perry,South Claudiaborough,West Virginia,Wholesale
2000,Jones-Cook,West Christophershire,Minnesota,Corporate
